
trace-hello.elf:     file format elf64-littleriscv


Disassembly of section .text:

0000000080000000 <_start>:
    80000000:	4081                	li	ra,0
    80000002:	4101                	li	sp,0
    80000004:	4181                	li	gp,0
    80000006:	4201                	li	tp,0
    80000008:	4281                	li	t0,0
    8000000a:	4301                	li	t1,0
    8000000c:	4381                	li	t2,0
    8000000e:	4401                	li	s0,0
    80000010:	4481                	li	s1,0
    80000012:	4501                	li	a0,0
    80000014:	4581                	li	a1,0
    80000016:	4601                	li	a2,0
    80000018:	4681                	li	a3,0
    8000001a:	4701                	li	a4,0
    8000001c:	4781                	li	a5,0
    8000001e:	4801                	li	a6,0
    80000020:	4881                	li	a7,0
    80000022:	4901                	li	s2,0
    80000024:	4981                	li	s3,0
    80000026:	4a01                	li	s4,0
    80000028:	4a81                	li	s5,0
    8000002a:	4b01                	li	s6,0
    8000002c:	4b81                	li	s7,0
    8000002e:	4c01                	li	s8,0
    80000030:	4c81                	li	s9,0
    80000032:	4d01                	li	s10,0
    80000034:	4d81                	li	s11,0
    80000036:	4e01                	li	t3,0
    80000038:	4e81                	li	t4,0
    8000003a:	4f01                	li	t5,0
    8000003c:	4f81                	li	t6,0
    8000003e:	62f9                	lui	t0,0x1e
    80000040:	6002829b          	addiw	t0,t0,1536 # 1e600 <__stack_size+0x16600>
    80000044:	3002a073          	csrs	mstatus,t0
    80000048:	00000297          	auipc	t0,0x0
    8000004c:	09028293          	addi	t0,t0,144 # 800000d8 <_start+0xd8>
    80000050:	30529073          	csrw	mtvec,t0
    80000054:	00301073          	fscsr	zero
    80000058:	f0000053          	fmv.w.x	ft0,zero
    8000005c:	f00000d3          	fmv.w.x	ft1,zero
    80000060:	f0000153          	fmv.w.x	ft2,zero
    80000064:	f00001d3          	fmv.w.x	ft3,zero
    80000068:	f0000253          	fmv.w.x	ft4,zero
    8000006c:	f00002d3          	fmv.w.x	ft5,zero
    80000070:	f0000353          	fmv.w.x	ft6,zero
    80000074:	f00003d3          	fmv.w.x	ft7,zero
    80000078:	f0000453          	fmv.w.x	fs0,zero
    8000007c:	f00004d3          	fmv.w.x	fs1,zero
    80000080:	f0000553          	fmv.w.x	fa0,zero
    80000084:	f00005d3          	fmv.w.x	fa1,zero
    80000088:	f0000653          	fmv.w.x	fa2,zero
    8000008c:	f00006d3          	fmv.w.x	fa3,zero
    80000090:	f0000753          	fmv.w.x	fa4,zero
    80000094:	f00007d3          	fmv.w.x	fa5,zero
    80000098:	f0000853          	fmv.w.x	fa6,zero
    8000009c:	f00008d3          	fmv.w.x	fa7,zero
    800000a0:	f0000953          	fmv.w.x	fs2,zero
    800000a4:	f00009d3          	fmv.w.x	fs3,zero
    800000a8:	f0000a53          	fmv.w.x	fs4,zero
    800000ac:	f0000ad3          	fmv.w.x	fs5,zero
    800000b0:	f0000b53          	fmv.w.x	fs6,zero
    800000b4:	f0000bd3          	fmv.w.x	fs7,zero
    800000b8:	f0000c53          	fmv.w.x	fs8,zero
    800000bc:	f0000cd3          	fmv.w.x	fs9,zero
    800000c0:	f0000d53          	fmv.w.x	fs10,zero
    800000c4:	f0000dd3          	fmv.w.x	fs11,zero
    800000c8:	f0000e53          	fmv.w.x	ft8,zero
    800000cc:	f0000ed3          	fmv.w.x	ft9,zero
    800000d0:	f0000f53          	fmv.w.x	ft10,zero
    800000d4:	f0000fd3          	fmv.w.x	ft11,zero
    800000d8:	00002197          	auipc	gp,0x2
    800000dc:	52018193          	addi	gp,gp,1312 # 800025f8 <__global_pointer$>
    800000e0:	f1402473          	csrr	s0,mhartid
    800000e4:	00f00293          	li	t0,15
    800000e8:	00023217          	auipc	tp,0x23
    800000ec:	f1820213          	addi	tp,tp,-232 # 80023000 <__heap_end>
    800000f0:	005412b3          	sll	t0,s0,t0
    800000f4:	9216                	add	tp,tp,t0
    800000f6:	62a1                	lui	t0,0x8
    800000f8:	00028293          	mv	t0,t0
    800000fc:	00520133          	add	sp,tp,t0
    80000100:	00000297          	auipc	t0,0x0
    80000104:	04428293          	addi	t0,t0,68 # 80000144 <trap_entry>
    80000108:	30529073          	csrw	mtvec,t0
    8000010c:	04f010ef          	jal	8000195a <__init_tls>
    80000110:	00000293          	li	t0,0
    80000114:	00540463          	beq	s0,t0,8000011c <_start+0x11c>
    80000118:	0f60006f          	j	8000020e <_start_secondary>
    8000011c:	82018293          	addi	t0,gp,-2016 # 80001e18 <__stdio_exit_handler>
    80000120:	b8818313          	addi	t1,gp,-1144 # 80002180 <_end>
    80000124:	0062f763          	bgeu	t0,t1,80000132 <_start+0x132>
    80000128:	0002b023          	sd	zero,0(t0)
    8000012c:	02a1                	addi	t0,t0,8
    8000012e:	fe62ede3          	bltu	t0,t1,80000128 <_start+0x128>
    80000132:	00002517          	auipc	a0,0x2
    80000136:	96450513          	addi	a0,a0,-1692 # 80001a96 <__libc_fini_array>
    8000013a:	0c5010ef          	jal	800019fe <atexit>
    8000013e:	0fb010ef          	jal	80001a38 <__libc_init_array>
    80000142:	a075                	j	800001ee <_start_main>

0000000080000144 <trap_entry>:
    80000144:	34011073          	csrw	mscratch,sp
    80000148:	7111                	addi	sp,sp,-256
    8000014a:	e406                	sd	ra,8(sp)
    8000014c:	340020f3          	csrr	ra,mscratch
    80000150:	e806                	sd	ra,16(sp)
    80000152:	ec0e                	sd	gp,24(sp)
    80000154:	f012                	sd	tp,32(sp)
    80000156:	f416                	sd	t0,40(sp)
    80000158:	f81a                	sd	t1,48(sp)
    8000015a:	fc1e                	sd	t2,56(sp)
    8000015c:	e0a2                	sd	s0,64(sp)
    8000015e:	e4a6                	sd	s1,72(sp)
    80000160:	e8aa                	sd	a0,80(sp)
    80000162:	ecae                	sd	a1,88(sp)
    80000164:	f0b2                	sd	a2,96(sp)
    80000166:	f4b6                	sd	a3,104(sp)
    80000168:	f8ba                	sd	a4,112(sp)
    8000016a:	fcbe                	sd	a5,120(sp)
    8000016c:	e142                	sd	a6,128(sp)
    8000016e:	e546                	sd	a7,136(sp)
    80000170:	e94a                	sd	s2,144(sp)
    80000172:	ed4e                	sd	s3,152(sp)
    80000174:	f152                	sd	s4,160(sp)
    80000176:	f556                	sd	s5,168(sp)
    80000178:	f95a                	sd	s6,176(sp)
    8000017a:	fd5e                	sd	s7,184(sp)
    8000017c:	e1e2                	sd	s8,192(sp)
    8000017e:	e5e6                	sd	s9,200(sp)
    80000180:	e9ea                	sd	s10,208(sp)
    80000182:	edee                	sd	s11,216(sp)
    80000184:	f1f2                	sd	t3,224(sp)
    80000186:	f5f6                	sd	t4,232(sp)
    80000188:	f9fa                	sd	t5,240(sp)
    8000018a:	fdfe                	sd	t6,248(sp)
    8000018c:	34102573          	csrr	a0,mepc
    80000190:	342025f3          	csrr	a1,mcause
    80000194:	34302673          	csrr	a2,mtval
    80000198:	868a                	mv	a3,sp
    8000019a:	7aa010ef          	jal	80001944 <handle_trap>
    8000019e:	34151073          	csrw	mepc,a0
    800001a2:	6289                	lui	t0,0x2
    800001a4:	8002829b          	addiw	t0,t0,-2048 # 1800 <__stack_align+0x17f0>
    800001a8:	3002a073          	csrs	mstatus,t0
    800001ac:	60a2                	ld	ra,8(sp)
    800001ae:	61e2                	ld	gp,24(sp)
    800001b0:	7202                	ld	tp,32(sp)
    800001b2:	72a2                	ld	t0,40(sp)
    800001b4:	7342                	ld	t1,48(sp)
    800001b6:	73e2                	ld	t2,56(sp)
    800001b8:	6406                	ld	s0,64(sp)
    800001ba:	64a6                	ld	s1,72(sp)
    800001bc:	6546                	ld	a0,80(sp)
    800001be:	65e6                	ld	a1,88(sp)
    800001c0:	7606                	ld	a2,96(sp)
    800001c2:	76a6                	ld	a3,104(sp)
    800001c4:	7746                	ld	a4,112(sp)
    800001c6:	77e6                	ld	a5,120(sp)
    800001c8:	680a                	ld	a6,128(sp)
    800001ca:	68aa                	ld	a7,136(sp)
    800001cc:	694a                	ld	s2,144(sp)
    800001ce:	69ea                	ld	s3,152(sp)
    800001d0:	7a0a                	ld	s4,160(sp)
    800001d2:	7aaa                	ld	s5,168(sp)
    800001d4:	7b4a                	ld	s6,176(sp)
    800001d6:	7bea                	ld	s7,184(sp)
    800001d8:	6c0e                	ld	s8,192(sp)
    800001da:	6cae                	ld	s9,200(sp)
    800001dc:	6d4e                	ld	s10,208(sp)
    800001de:	6dee                	ld	s11,216(sp)
    800001e0:	7e0e                	ld	t3,224(sp)
    800001e2:	7eae                	ld	t4,232(sp)
    800001e4:	7f4e                	ld	t5,240(sp)
    800001e6:	7fee                	ld	t6,248(sp)
    800001e8:	6142                	ld	sp,16(sp)
    800001ea:	30200073          	mret

00000000800001ee <_start_main>:
    800001ee:	52fd                	li	t0,-1
    800001f0:	0110000f          	fence	w,w
    800001f4:	a651a423          	sw	t0,-1432(gp) # 80002060 <__boot_sync>
    800001f8:	4505                	li	a0,1
    800001fa:	00002597          	auipc	a1,0x2
    800001fe:	ad658593          	addi	a1,a1,-1322 # 80001cd0 <argv>
    80000202:	8101b603          	ld	a2,-2032(gp) # 80001e08 <environ>
    80000206:	02a000ef          	jal	80000230 <main>
    8000020a:	7fe0106f          	j	80001a08 <exit>

000000008000020e <_start_secondary>:
    8000020e:	a681a283          	lw	t0,-1432(gp) # 80002060 <__boot_sync>
    80000212:	fe028ee3          	beqz	t0,8000020e <_start_secondary>
    80000216:	0220000f          	fence	r,r
    8000021a:	4505                	li	a0,1
    8000021c:	00002597          	auipc	a1,0x2
    80000220:	ab458593          	addi	a1,a1,-1356 # 80001cd0 <argv>
    80000224:	8101b603          	ld	a2,-2032(gp) # 80001e08 <environ>
    80000228:	762010ef          	jal	8000198a <__main>
    8000022c:	7dc0106f          	j	80001a08 <exit>

0000000080000230 <main>:
    80000230:	1141                	addi	sp,sp,-16
    80000232:	e406                	sd	ra,8(sp)
    80000234:	f14025f3          	csrr	a1,mhartid
    80000238:	00002517          	auipc	a0,0x2
    8000023c:	9d850513          	addi	a0,a0,-1576 # 80001c10 <__tbss_end+0x6>
    80000240:	02e000ef          	jal	8000026e <iprintf>
    80000244:	60a2                	ld	ra,8(sp)
    80000246:	4501                	li	a0,0
    80000248:	0141                	addi	sp,sp,16
    8000024a:	8082                	ret

000000008000024c <_iprintf_r>:
    8000024c:	715d                	addi	sp,sp,-80
    8000024e:	f032                	sd	a2,32(sp)
    80000250:	f436                	sd	a3,40(sp)
    80000252:	f83a                	sd	a4,48(sp)
    80000254:	fc3e                	sd	a5,56(sp)
    80000256:	e0c2                	sd	a6,64(sp)
    80000258:	e4c6                	sd	a7,72(sp)
    8000025a:	862e                	mv	a2,a1
    8000025c:	690c                	ld	a1,16(a0)
    8000025e:	1014                	addi	a3,sp,32
    80000260:	ec06                	sd	ra,24(sp)
    80000262:	e436                	sd	a3,8(sp)
    80000264:	0cc000ef          	jal	80000330 <_vfiprintf_r>
    80000268:	60e2                	ld	ra,24(sp)
    8000026a:	6161                	addi	sp,sp,80
    8000026c:	8082                	ret

000000008000026e <iprintf>:
    8000026e:	711d                	addi	sp,sp,-96
    80000270:	f832                	sd	a2,48(sp)
    80000272:	fc36                	sd	a3,56(sp)
    80000274:	e4be                	sd	a5,72(sp)
    80000276:	f42e                	sd	a1,40(sp)
    80000278:	e0ba                	sd	a4,64(sp)
    8000027a:	e8c2                	sd	a6,80(sp)
    8000027c:	ecc6                	sd	a7,88(sp)
    8000027e:	00002797          	auipc	a5,0x2
    80000282:	b7a7b783          	ld	a5,-1158(a5) # 80001df8 <_impure_ptr>
    80000286:	6b8c                	ld	a1,16(a5)
    80000288:	1034                	addi	a3,sp,40
    8000028a:	862a                	mv	a2,a0
    8000028c:	853e                	mv	a0,a5
    8000028e:	ec06                	sd	ra,24(sp)
    80000290:	e436                	sd	a3,8(sp)
    80000292:	09e000ef          	jal	80000330 <_vfiprintf_r>
    80000296:	60e2                	ld	ra,24(sp)
    80000298:	6125                	addi	sp,sp,96
    8000029a:	8082                	ret

000000008000029c <__sfputc_r>:
    8000029c:	465c                	lw	a5,12(a2)
    8000029e:	fff7871b          	addiw	a4,a5,-1
    800002a2:	c658                	sw	a4,12(a2)
    800002a4:	00075a63          	bgez	a4,800002b8 <__sfputc_r+0x1c>
    800002a8:	561c                	lw	a5,40(a2)
    800002aa:	00f74563          	blt	a4,a5,800002b4 <__sfputc_r+0x18>
    800002ae:	47a9                	li	a5,10
    800002b0:	00f59463          	bne	a1,a5,800002b8 <__sfputc_r+0x1c>
    800002b4:	4c10006f          	j	80000f74 <__swbuf_r>
    800002b8:	621c                	ld	a5,0(a2)
    800002ba:	852e                	mv	a0,a1
    800002bc:	00178713          	addi	a4,a5,1
    800002c0:	e218                	sd	a4,0(a2)
    800002c2:	00b78023          	sb	a1,0(a5)
    800002c6:	8082                	ret

00000000800002c8 <__sfputs_r>:
    800002c8:	7179                	addi	sp,sp,-48
    800002ca:	f022                	sd	s0,32(sp)
    800002cc:	ec26                	sd	s1,24(sp)
    800002ce:	e84a                	sd	s2,16(sp)
    800002d0:	e44e                	sd	s3,8(sp)
    800002d2:	e052                	sd	s4,0(sp)
    800002d4:	f406                	sd	ra,40(sp)
    800002d6:	892a                	mv	s2,a0
    800002d8:	89ae                	mv	s3,a1
    800002da:	8432                	mv	s0,a2
    800002dc:	00d604b3          	add	s1,a2,a3
    800002e0:	5a7d                	li	s4,-1
    800002e2:	00941463          	bne	s0,s1,800002ea <__sfputs_r+0x22>
    800002e6:	4501                	li	a0,0
    800002e8:	a811                	j	800002fc <__sfputs_r+0x34>
    800002ea:	00044583          	lbu	a1,0(s0)
    800002ee:	864e                	mv	a2,s3
    800002f0:	854a                	mv	a0,s2
    800002f2:	fabff0ef          	jal	8000029c <__sfputc_r>
    800002f6:	0405                	addi	s0,s0,1
    800002f8:	ff4515e3          	bne	a0,s4,800002e2 <__sfputs_r+0x1a>
    800002fc:	70a2                	ld	ra,40(sp)
    800002fe:	7402                	ld	s0,32(sp)
    80000300:	64e2                	ld	s1,24(sp)
    80000302:	6942                	ld	s2,16(sp)
    80000304:	69a2                	ld	s3,8(sp)
    80000306:	6a02                	ld	s4,0(sp)
    80000308:	6145                	addi	sp,sp,48
    8000030a:	8082                	ret

000000008000030c <__sprint_r>:
    8000030c:	6a1c                	ld	a5,16(a2)
    8000030e:	1141                	addi	sp,sp,-16
    80000310:	e022                	sd	s0,0(sp)
    80000312:	e406                	sd	ra,8(sp)
    80000314:	8432                	mv	s0,a2
    80000316:	cb99                	beqz	a5,8000032c <__sprint_r+0x20>
    80000318:	059000ef          	jal	80000b70 <__sfvwrite_r>
    8000031c:	00043823          	sd	zero,16(s0)
    80000320:	60a2                	ld	ra,8(sp)
    80000322:	00042423          	sw	zero,8(s0)
    80000326:	6402                	ld	s0,0(sp)
    80000328:	0141                	addi	sp,sp,16
    8000032a:	8082                	ret
    8000032c:	4501                	li	a0,0
    8000032e:	bfcd                	j	80000320 <__sprint_r+0x14>

0000000080000330 <_vfiprintf_r>:
    80000330:	7155                	addi	sp,sp,-208
    80000332:	e1a2                	sd	s0,192(sp)
    80000334:	fd26                	sd	s1,184(sp)
    80000336:	f94a                	sd	s2,176(sp)
    80000338:	f54e                	sd	s3,168(sp)
    8000033a:	f152                	sd	s4,160(sp)
    8000033c:	e586                	sd	ra,200(sp)
    8000033e:	ed56                	sd	s5,152(sp)
    80000340:	e95a                	sd	s6,144(sp)
    80000342:	e55e                	sd	s7,136(sp)
    80000344:	e162                	sd	s8,128(sp)
    80000346:	fce6                	sd	s9,120(sp)
    80000348:	f8ea                	sd	s10,112(sp)
    8000034a:	8a2a                	mv	s4,a0
    8000034c:	892e                	mv	s2,a1
    8000034e:	84b2                	mv	s1,a2
    80000350:	8436                	mv	s0,a3
    80000352:	4981                	li	s3,0
    80000354:	c509                	beqz	a0,8000035e <_vfiprintf_r+0x2e>
    80000356:	613c                	ld	a5,64(a0)
    80000358:	e399                	bnez	a5,8000035e <_vfiprintf_r+0x2e>
    8000035a:	7d2000ef          	jal	80000b2c <__sinit>
    8000035e:	01095783          	lhu	a5,16(s2)
    80000362:	8ba1                	andi	a5,a5,8
    80000364:	cbe1                	beqz	a5,80000434 <_vfiprintf_r+0x104>
    80000366:	01893783          	ld	a5,24(s2)
    8000036a:	c7e9                	beqz	a5,80000434 <_vfiprintf_r+0x104>
    8000036c:	02000793          	li	a5,32
    80000370:	02f104a3          	sb	a5,41(sp)
    80000374:	5afd                	li	s5,-1
    80000376:	03000793          	li	a5,48
    8000037a:	d202                	sw	zero,36(sp)
    8000037c:	02f10523          	sb	a5,42(sp)
    80000380:	e422                	sd	s0,8(sp)
    80000382:	02500b93          	li	s7,37
    80000386:	020a9c13          	slli	s8,s5,0x20
    8000038a:	00002b17          	auipc	s6,0x2
    8000038e:	89eb0b13          	addi	s6,s6,-1890 # 80001c28 <__tbss_end+0x1e>
    80000392:	4c85                	li	s9,1
    80000394:	8426                	mv	s0,s1
    80000396:	00044783          	lbu	a5,0(s0)
    8000039a:	c399                	beqz	a5,800003a0 <_vfiprintf_r+0x70>
    8000039c:	0d779063          	bne	a5,s7,8000045c <_vfiprintf_r+0x12c>
    800003a0:	40940d3b          	subw	s10,s0,s1
    800003a4:	000d0e63          	beqz	s10,800003c0 <_vfiprintf_r+0x90>
    800003a8:	86ea                	mv	a3,s10
    800003aa:	8626                	mv	a2,s1
    800003ac:	85ca                	mv	a1,s2
    800003ae:	8552                	mv	a0,s4
    800003b0:	f19ff0ef          	jal	800002c8 <__sfputs_r>
    800003b4:	1d550963          	beq	a0,s5,80000586 <_vfiprintf_r+0x256>
    800003b8:	5792                	lw	a5,36(sp)
    800003ba:	01a787bb          	addw	a5,a5,s10
    800003be:	d23e                	sw	a5,36(sp)
    800003c0:	00044783          	lbu	a5,0(s0)
    800003c4:	1c078163          	beqz	a5,80000586 <_vfiprintf_r+0x256>
    800003c8:	00140493          	addi	s1,s0,1
    800003cc:	e862                	sd	s8,16(sp)
    800003ce:	ec02                	sd	zero,24(sp)
    800003d0:	040109a3          	sb	zero,83(sp)
    800003d4:	d482                	sw	zero,104(sp)
    800003d6:	0004c583          	lbu	a1,0(s1)
    800003da:	4615                	li	a2,5
    800003dc:	855a                	mv	a0,s6
    800003de:	50f000ef          	jal	800010ec <memchr>
    800003e2:	47c2                	lw	a5,16(sp)
    800003e4:	00148413          	addi	s0,s1,1
    800003e8:	ed25                	bnez	a0,80000460 <_vfiprintf_r+0x130>
    800003ea:	0107f713          	andi	a4,a5,16
    800003ee:	c709                	beqz	a4,800003f8 <_vfiprintf_r+0xc8>
    800003f0:	02000713          	li	a4,32
    800003f4:	04e109a3          	sb	a4,83(sp)
    800003f8:	0087f713          	andi	a4,a5,8
    800003fc:	c709                	beqz	a4,80000406 <_vfiprintf_r+0xd6>
    800003fe:	02b00713          	li	a4,43
    80000402:	04e109a3          	sb	a4,83(sp)
    80000406:	0004c683          	lbu	a3,0(s1)
    8000040a:	02a00713          	li	a4,42
    8000040e:	06e68163          	beq	a3,a4,80000470 <_vfiprintf_r+0x140>
    80000412:	47f2                	lw	a5,28(sp)
    80000414:	8426                	mv	s0,s1
    80000416:	4681                	li	a3,0
    80000418:	4625                	li	a2,9
    8000041a:	4829                	li	a6,10
    8000041c:	00044703          	lbu	a4,0(s0)
    80000420:	00140513          	addi	a0,s0,1
    80000424:	fd07059b          	addiw	a1,a4,-48
    80000428:	872e                	mv	a4,a1
    8000042a:	08b67a63          	bgeu	a2,a1,800004be <_vfiprintf_r+0x18e>
    8000042e:	caa9                	beqz	a3,80000480 <_vfiprintf_r+0x150>
    80000430:	ce3e                	sw	a5,28(sp)
    80000432:	a0b9                	j	80000480 <_vfiprintf_r+0x150>
    80000434:	85ca                	mv	a1,s2
    80000436:	8552                	mv	a0,s4
    80000438:	3e7000ef          	jal	8000101e <__swsetup_r>
    8000043c:	d905                	beqz	a0,8000036c <_vfiprintf_r+0x3c>
    8000043e:	557d                	li	a0,-1
    80000440:	60ae                	ld	ra,200(sp)
    80000442:	640e                	ld	s0,192(sp)
    80000444:	74ea                	ld	s1,184(sp)
    80000446:	794a                	ld	s2,176(sp)
    80000448:	79aa                	ld	s3,168(sp)
    8000044a:	7a0a                	ld	s4,160(sp)
    8000044c:	6aea                	ld	s5,152(sp)
    8000044e:	6b4a                	ld	s6,144(sp)
    80000450:	6baa                	ld	s7,136(sp)
    80000452:	6c0a                	ld	s8,128(sp)
    80000454:	7ce6                	ld	s9,120(sp)
    80000456:	7d46                	ld	s10,112(sp)
    80000458:	6169                	addi	sp,sp,208
    8000045a:	8082                	ret
    8000045c:	0405                	addi	s0,s0,1
    8000045e:	bf25                	j	80000396 <_vfiprintf_r+0x66>
    80000460:	41650533          	sub	a0,a0,s6
    80000464:	00ac953b          	sllw	a0,s9,a0
    80000468:	8fc9                	or	a5,a5,a0
    8000046a:	c83e                	sw	a5,16(sp)
    8000046c:	84a2                	mv	s1,s0
    8000046e:	b7a5                	j	800003d6 <_vfiprintf_r+0xa6>
    80000470:	6722                	ld	a4,8(sp)
    80000472:	00870693          	addi	a3,a4,8
    80000476:	4318                	lw	a4,0(a4)
    80000478:	e436                	sd	a3,8(sp)
    8000047a:	02074b63          	bltz	a4,800004b0 <_vfiprintf_r+0x180>
    8000047e:	ce3a                	sw	a4,28(sp)
    80000480:	00044703          	lbu	a4,0(s0)
    80000484:	02e00793          	li	a5,46
    80000488:	06f71163          	bne	a4,a5,800004ea <_vfiprintf_r+0x1ba>
    8000048c:	00144703          	lbu	a4,1(s0)
    80000490:	02a00793          	li	a5,42
    80000494:	02f71b63          	bne	a4,a5,800004ca <_vfiprintf_r+0x19a>
    80000498:	67a2                	ld	a5,8(sp)
    8000049a:	0409                	addi	s0,s0,2
    8000049c:	00878713          	addi	a4,a5,8
    800004a0:	e43a                	sd	a4,8(sp)
    800004a2:	4398                	lw	a4,0(a5)
    800004a4:	87ba                	mv	a5,a4
    800004a6:	00075363          	bgez	a4,800004ac <_vfiprintf_r+0x17c>
    800004aa:	57fd                	li	a5,-1
    800004ac:	ca3e                	sw	a5,20(sp)
    800004ae:	a835                	j	800004ea <_vfiprintf_r+0x1ba>
    800004b0:	40e0073b          	negw	a4,a4
    800004b4:	0027e793          	ori	a5,a5,2
    800004b8:	ce3a                	sw	a4,28(sp)
    800004ba:	c83e                	sw	a5,16(sp)
    800004bc:	b7d1                	j	80000480 <_vfiprintf_r+0x150>
    800004be:	02f807bb          	mulw	a5,a6,a5
    800004c2:	842a                	mv	s0,a0
    800004c4:	4685                	li	a3,1
    800004c6:	9fb9                	addw	a5,a5,a4
    800004c8:	bf91                	j	8000041c <_vfiprintf_r+0xec>
    800004ca:	0405                	addi	s0,s0,1
    800004cc:	ca02                	sw	zero,20(sp)
    800004ce:	4681                	li	a3,0
    800004d0:	4781                	li	a5,0
    800004d2:	4625                	li	a2,9
    800004d4:	4829                	li	a6,10
    800004d6:	00044703          	lbu	a4,0(s0)
    800004da:	00140513          	addi	a0,s0,1
    800004de:	fd07059b          	addiw	a1,a4,-48
    800004e2:	872e                	mv	a4,a1
    800004e4:	06b67c63          	bgeu	a2,a1,8000055c <_vfiprintf_r+0x22c>
    800004e8:	f2f1                	bnez	a3,800004ac <_vfiprintf_r+0x17c>
    800004ea:	00044583          	lbu	a1,0(s0)
    800004ee:	460d                	li	a2,3
    800004f0:	00001517          	auipc	a0,0x1
    800004f4:	74850513          	addi	a0,a0,1864 # 80001c38 <__tbss_end+0x2e>
    800004f8:	3f5000ef          	jal	800010ec <memchr>
    800004fc:	cd11                	beqz	a0,80000518 <_vfiprintf_r+0x1e8>
    800004fe:	00001797          	auipc	a5,0x1
    80000502:	73a78793          	addi	a5,a5,1850 # 80001c38 <__tbss_end+0x2e>
    80000506:	8d1d                	sub	a0,a0,a5
    80000508:	47c2                	lw	a5,16(sp)
    8000050a:	04000713          	li	a4,64
    8000050e:	00a7173b          	sllw	a4,a4,a0
    80000512:	8fd9                	or	a5,a5,a4
    80000514:	0405                	addi	s0,s0,1
    80000516:	c83e                	sw	a5,16(sp)
    80000518:	00044583          	lbu	a1,0(s0)
    8000051c:	4619                	li	a2,6
    8000051e:	00001517          	auipc	a0,0x1
    80000522:	72250513          	addi	a0,a0,1826 # 80001c40 <__tbss_end+0x36>
    80000526:	00140493          	addi	s1,s0,1
    8000052a:	02b10423          	sb	a1,40(sp)
    8000052e:	3bf000ef          	jal	800010ec <memchr>
    80000532:	c135                	beqz	a0,80000596 <_vfiprintf_r+0x266>
    80000534:	00000793          	li	a5,0
    80000538:	eb85                	bnez	a5,80000568 <_vfiprintf_r+0x238>
    8000053a:	4742                	lw	a4,16(sp)
    8000053c:	67a2                	ld	a5,8(sp)
    8000053e:	10077713          	andi	a4,a4,256
    80000542:	00878693          	addi	a3,a5,8
    80000546:	c709                	beqz	a4,80000550 <_vfiprintf_r+0x220>
    80000548:	07bd                	addi	a5,a5,15
    8000054a:	9bc1                	andi	a5,a5,-16
    8000054c:	01078693          	addi	a3,a5,16
    80000550:	e436                	sd	a3,8(sp)
    80000552:	5792                	lw	a5,36(sp)
    80000554:	013787bb          	addw	a5,a5,s3
    80000558:	d23e                	sw	a5,36(sp)
    8000055a:	bd2d                	j	80000394 <_vfiprintf_r+0x64>
    8000055c:	02f807bb          	mulw	a5,a6,a5
    80000560:	842a                	mv	s0,a0
    80000562:	4685                	li	a3,1
    80000564:	9fb9                	addw	a5,a5,a4
    80000566:	bf85                	j	800004d6 <_vfiprintf_r+0x1a6>
    80000568:	0038                	addi	a4,sp,8
    8000056a:	00000697          	auipc	a3,0x0
    8000056e:	d5e68693          	addi	a3,a3,-674 # 800002c8 <__sfputs_r>
    80000572:	864a                	mv	a2,s2
    80000574:	080c                	addi	a1,sp,16
    80000576:	8552                	mv	a0,s4
    80000578:	00000097          	auipc	ra,0x0
    8000057c:	000000e7          	jalr	zero # 0 <__boot_hart>
    80000580:	89aa                	mv	s3,a0
    80000582:	fd5518e3          	bne	a0,s5,80000552 <_vfiprintf_r+0x222>
    80000586:	01095783          	lhu	a5,16(s2)
    8000058a:	0407f793          	andi	a5,a5,64
    8000058e:	ea0798e3          	bnez	a5,8000043e <_vfiprintf_r+0x10e>
    80000592:	5512                	lw	a0,36(sp)
    80000594:	b575                	j	80000440 <_vfiprintf_r+0x110>
    80000596:	0038                	addi	a4,sp,8
    80000598:	00000697          	auipc	a3,0x0
    8000059c:	d3068693          	addi	a3,a3,-720 # 800002c8 <__sfputs_r>
    800005a0:	864a                	mv	a2,s2
    800005a2:	080c                	addi	a1,sp,16
    800005a4:	8552                	mv	a0,s4
    800005a6:	134000ef          	jal	800006da <_printf_i>
    800005aa:	bfd9                	j	80000580 <_vfiprintf_r+0x250>

00000000800005ac <vfiprintf>:
    800005ac:	86b2                	mv	a3,a2
    800005ae:	862e                	mv	a2,a1
    800005b0:	85aa                	mv	a1,a0
    800005b2:	00002517          	auipc	a0,0x2
    800005b6:	84653503          	ld	a0,-1978(a0) # 80001df8 <_impure_ptr>
    800005ba:	bb9d                	j	80000330 <_vfiprintf_r>

00000000800005bc <_printf_common>:
    800005bc:	715d                	addi	sp,sp,-80
    800005be:	f052                	sd	s4,32(sp)
    800005c0:	ec56                	sd	s5,24(sp)
    800005c2:	8a36                	mv	s4,a3
    800005c4:	8aba                	mv	s5,a4
    800005c6:	4994                	lw	a3,16(a1)
    800005c8:	4598                	lw	a4,8(a1)
    800005ca:	e0a2                	sd	s0,64(sp)
    800005cc:	f84a                	sd	s2,48(sp)
    800005ce:	f44e                	sd	s3,40(sp)
    800005d0:	e486                	sd	ra,72(sp)
    800005d2:	fc26                	sd	s1,56(sp)
    800005d4:	e85a                	sd	s6,16(sp)
    800005d6:	e45e                	sd	s7,8(sp)
    800005d8:	89aa                	mv	s3,a0
    800005da:	842e                	mv	s0,a1
    800005dc:	8932                	mv	s2,a2
    800005de:	87ba                	mv	a5,a4
    800005e0:	00e6c363          	blt	a3,a4,800005e6 <_printf_common+0x2a>
    800005e4:	87b6                	mv	a5,a3
    800005e6:	00f92023          	sw	a5,0(s2)
    800005ea:	04344703          	lbu	a4,67(s0)
    800005ee:	c701                	beqz	a4,800005f6 <_printf_common+0x3a>
    800005f0:	2785                	addiw	a5,a5,1
    800005f2:	00f92023          	sw	a5,0(s2)
    800005f6:	401c                	lw	a5,0(s0)
    800005f8:	0207f793          	andi	a5,a5,32
    800005fc:	c791                	beqz	a5,80000608 <_printf_common+0x4c>
    800005fe:	00092783          	lw	a5,0(s2)
    80000602:	2789                	addiw	a5,a5,2
    80000604:	00f92023          	sw	a5,0(s2)
    80000608:	4004                	lw	s1,0(s0)
    8000060a:	8899                	andi	s1,s1,6
    8000060c:	e891                	bnez	s1,80000620 <_printf_common+0x64>
    8000060e:	01940b13          	addi	s6,s0,25
    80000612:	5bfd                	li	s7,-1
    80000614:	445c                	lw	a5,12(s0)
    80000616:	00092703          	lw	a4,0(s2)
    8000061a:	9f99                	subw	a5,a5,a4
    8000061c:	06f4c063          	blt	s1,a5,8000067c <_printf_common+0xc0>
    80000620:	04344783          	lbu	a5,67(s0)
    80000624:	00f03633          	snez	a2,a5
    80000628:	00f036b3          	snez	a3,a5
    8000062c:	401c                	lw	a5,0(s0)
    8000062e:	0207f793          	andi	a5,a5,32
    80000632:	ebb5                	bnez	a5,800006a6 <_printf_common+0xea>
    80000634:	04340613          	addi	a2,s0,67
    80000638:	85d2                	mv	a1,s4
    8000063a:	854e                	mv	a0,s3
    8000063c:	9a82                	jalr	s5
    8000063e:	57fd                	li	a5,-1
    80000640:	04f50563          	beq	a0,a5,8000068a <_printf_common+0xce>
    80000644:	401c                	lw	a5,0(s0)
    80000646:	4711                	li	a4,4
    80000648:	4481                	li	s1,0
    8000064a:	8b99                	andi	a5,a5,6
    8000064c:	00e79b63          	bne	a5,a4,80000662 <_printf_common+0xa6>
    80000650:	00092783          	lw	a5,0(s2)
    80000654:	4444                	lw	s1,12(s0)
    80000656:	9c9d                	subw	s1,s1,a5
    80000658:	02049793          	slli	a5,s1,0x20
    8000065c:	0007d363          	bgez	a5,80000662 <_printf_common+0xa6>
    80000660:	4481                	li	s1,0
    80000662:	441c                	lw	a5,8(s0)
    80000664:	4818                	lw	a4,16(s0)
    80000666:	00f75463          	bge	a4,a5,8000066e <_printf_common+0xb2>
    8000066a:	9f99                	subw	a5,a5,a4
    8000066c:	9cbd                	addw	s1,s1,a5
    8000066e:	4901                	li	s2,0
    80000670:	0469                	addi	s0,s0,26
    80000672:	5b7d                	li	s6,-1
    80000674:	05249a63          	bne	s1,s2,800006c8 <_printf_common+0x10c>
    80000678:	4501                	li	a0,0
    8000067a:	a809                	j	8000068c <_printf_common+0xd0>
    8000067c:	4685                	li	a3,1
    8000067e:	865a                	mv	a2,s6
    80000680:	85d2                	mv	a1,s4
    80000682:	854e                	mv	a0,s3
    80000684:	9a82                	jalr	s5
    80000686:	01751e63          	bne	a0,s7,800006a2 <_printf_common+0xe6>
    8000068a:	557d                	li	a0,-1
    8000068c:	60a6                	ld	ra,72(sp)
    8000068e:	6406                	ld	s0,64(sp)
    80000690:	74e2                	ld	s1,56(sp)
    80000692:	7942                	ld	s2,48(sp)
    80000694:	79a2                	ld	s3,40(sp)
    80000696:	7a02                	ld	s4,32(sp)
    80000698:	6ae2                	ld	s5,24(sp)
    8000069a:	6b42                	ld	s6,16(sp)
    8000069c:	6ba2                	ld	s7,8(sp)
    8000069e:	6161                	addi	sp,sp,80
    800006a0:	8082                	ret
    800006a2:	2485                	addiw	s1,s1,1
    800006a4:	bf85                	j	80000614 <_printf_common+0x58>
    800006a6:	00d407b3          	add	a5,s0,a3
    800006aa:	03000693          	li	a3,48
    800006ae:	04d781a3          	sb	a3,67(a5)
    800006b2:	0016071b          	addiw	a4,a2,1
    800006b6:	0026069b          	addiw	a3,a2,2
    800006ba:	04544603          	lbu	a2,69(s0)
    800006be:	00e407b3          	add	a5,s0,a4
    800006c2:	04c781a3          	sb	a2,67(a5)
    800006c6:	b7bd                	j	80000634 <_printf_common+0x78>
    800006c8:	4685                	li	a3,1
    800006ca:	8622                	mv	a2,s0
    800006cc:	85d2                	mv	a1,s4
    800006ce:	854e                	mv	a0,s3
    800006d0:	9a82                	jalr	s5
    800006d2:	fb650ce3          	beq	a0,s6,8000068a <_printf_common+0xce>
    800006d6:	2905                	addiw	s2,s2,1
    800006d8:	bf71                	j	80000674 <_printf_common+0xb8>

00000000800006da <_printf_i>:
    800006da:	715d                	addi	sp,sp,-80
    800006dc:	e0a2                	sd	s0,64(sp)
    800006de:	f84a                	sd	s2,48(sp)
    800006e0:	f44e                	sd	s3,40(sp)
    800006e2:	f052                	sd	s4,32(sp)
    800006e4:	e486                	sd	ra,72(sp)
    800006e6:	fc26                	sd	s1,56(sp)
    800006e8:	ec56                	sd	s5,24(sp)
    800006ea:	e85a                	sd	s6,16(sp)
    800006ec:	0185c803          	lbu	a6,24(a1)
    800006f0:	07800793          	li	a5,120
    800006f4:	892a                	mv	s2,a0
    800006f6:	842e                	mv	s0,a1
    800006f8:	89b2                	mv	s3,a2
    800006fa:	8a36                	mv	s4,a3
    800006fc:	0307e263          	bltu	a5,a6,80000720 <_printf_i+0x46>
    80000700:	06200793          	li	a5,98
    80000704:	04358693          	addi	a3,a1,67
    80000708:	0307e163          	bltu	a5,a6,8000072a <_printf_i+0x50>
    8000070c:	1c080663          	beqz	a6,800008d8 <_printf_i+0x1fe>
    80000710:	05800793          	li	a5,88
    80000714:	00001617          	auipc	a2,0x1
    80000718:	53460613          	addi	a2,a2,1332 # 80001c48 <__tbss_end+0x3e>
    8000071c:	14f80a63          	beq	a6,a5,80000870 <_printf_i+0x196>
    80000720:	04240493          	addi	s1,s0,66
    80000724:	05040123          	sb	a6,66(s0)
    80000728:	a815                	j	8000075c <_printf_i+0x82>
    8000072a:	f9d8079b          	addiw	a5,a6,-99
    8000072e:	0ff7f793          	zext.b	a5,a5
    80000732:	4655                	li	a2,21
    80000734:	fef666e3          	bltu	a2,a5,80000720 <_printf_i+0x46>
    80000738:	00001617          	auipc	a2,0x1
    8000073c:	53c60613          	addi	a2,a2,1340 # 80001c74 <__tbss_end+0x6a>
    80000740:	078a                	slli	a5,a5,0x2
    80000742:	97b2                	add	a5,a5,a2
    80000744:	439c                	lw	a5,0(a5)
    80000746:	97b2                	add	a5,a5,a2
    80000748:	8782                	jr	a5
    8000074a:	631c                	ld	a5,0(a4)
    8000074c:	04258493          	addi	s1,a1,66
    80000750:	00878693          	addi	a3,a5,8
    80000754:	439c                	lw	a5,0(a5)
    80000756:	e314                	sd	a3,0(a4)
    80000758:	04f58123          	sb	a5,66(a1)
    8000075c:	4785                	li	a5,1
    8000075e:	aa4d                	j	80000910 <_printf_i+0x236>
    80000760:	419c                	lw	a5,0(a1)
    80000762:	6308                	ld	a0,0(a4)
    80000764:	0807f613          	andi	a2,a5,128
    80000768:	00850593          	addi	a1,a0,8
    8000076c:	c20d                	beqz	a2,8000078e <_printf_i+0xb4>
    8000076e:	611c                	ld	a5,0(a0)
    80000770:	e30c                	sd	a1,0(a4)
    80000772:	0007d863          	bgez	a5,80000782 <_printf_i+0xa8>
    80000776:	02d00713          	li	a4,45
    8000077a:	40f007b3          	neg	a5,a5
    8000077e:	04e401a3          	sb	a4,67(s0)
    80000782:	00001617          	auipc	a2,0x1
    80000786:	4c660613          	addi	a2,a2,1222 # 80001c48 <__tbss_end+0x3e>
    8000078a:	4829                	li	a6,10
    8000078c:	a83d                	j	800007ca <_printf_i+0xf0>
    8000078e:	0407f613          	andi	a2,a5,64
    80000792:	411c                	lw	a5,0(a0)
    80000794:	e30c                	sd	a1,0(a4)
    80000796:	de71                	beqz	a2,80000772 <_printf_i+0x98>
    80000798:	0107979b          	slliw	a5,a5,0x10
    8000079c:	4107d79b          	sraiw	a5,a5,0x10
    800007a0:	bfc9                	j	80000772 <_printf_i+0x98>
    800007a2:	4190                	lw	a2,0(a1)
    800007a4:	631c                	ld	a5,0(a4)
    800007a6:	08067513          	andi	a0,a2,128
    800007aa:	00878593          	addi	a1,a5,8
    800007ae:	cd41                	beqz	a0,80000846 <_printf_i+0x16c>
    800007b0:	639c                	ld	a5,0(a5)
    800007b2:	e30c                	sd	a1,0(a4)
    800007b4:	06f00713          	li	a4,111
    800007b8:	00001617          	auipc	a2,0x1
    800007bc:	49060613          	addi	a2,a2,1168 # 80001c48 <__tbss_end+0x3e>
    800007c0:	0ee81e63          	bne	a6,a4,800008bc <_printf_i+0x1e2>
    800007c4:	4821                	li	a6,8
    800007c6:	040401a3          	sb	zero,67(s0)
    800007ca:	4058                	lw	a4,4(s0)
    800007cc:	c418                	sw	a4,8(s0)
    800007ce:	00074563          	bltz	a4,800007d8 <_printf_i+0xfe>
    800007d2:	400c                	lw	a1,0(s0)
    800007d4:	99ed                	andi	a1,a1,-5
    800007d6:	c00c                	sw	a1,0(s0)
    800007d8:	e399                	bnez	a5,800007de <_printf_i+0x104>
    800007da:	84b6                	mv	s1,a3
    800007dc:	cf19                	beqz	a4,800007fa <_printf_i+0x120>
    800007de:	84b6                	mv	s1,a3
    800007e0:	0307f733          	remu	a4,a5,a6
    800007e4:	14fd                	addi	s1,s1,-1
    800007e6:	9732                	add	a4,a4,a2
    800007e8:	00074703          	lbu	a4,0(a4)
    800007ec:	00e48023          	sb	a4,0(s1)
    800007f0:	873e                	mv	a4,a5
    800007f2:	0307d7b3          	divu	a5,a5,a6
    800007f6:	ff0775e3          	bgeu	a4,a6,800007e0 <_printf_i+0x106>
    800007fa:	47a1                	li	a5,8
    800007fc:	00f81e63          	bne	a6,a5,80000818 <_printf_i+0x13e>
    80000800:	401c                	lw	a5,0(s0)
    80000802:	8b85                	andi	a5,a5,1
    80000804:	cb91                	beqz	a5,80000818 <_printf_i+0x13e>
    80000806:	4058                	lw	a4,4(s0)
    80000808:	481c                	lw	a5,16(s0)
    8000080a:	00e7c763          	blt	a5,a4,80000818 <_printf_i+0x13e>
    8000080e:	03000793          	li	a5,48
    80000812:	fef48fa3          	sb	a5,-1(s1)
    80000816:	14fd                	addi	s1,s1,-1
    80000818:	8e85                	sub	a3,a3,s1
    8000081a:	c814                	sw	a3,16(s0)
    8000081c:	8752                	mv	a4,s4
    8000081e:	86ce                	mv	a3,s3
    80000820:	0070                	addi	a2,sp,12
    80000822:	85a2                	mv	a1,s0
    80000824:	854a                	mv	a0,s2
    80000826:	d97ff0ef          	jal	800005bc <_printf_common>
    8000082a:	5afd                	li	s5,-1
    8000082c:	0f551663          	bne	a0,s5,80000918 <_printf_i+0x23e>
    80000830:	557d                	li	a0,-1
    80000832:	60a6                	ld	ra,72(sp)
    80000834:	6406                	ld	s0,64(sp)
    80000836:	74e2                	ld	s1,56(sp)
    80000838:	7942                	ld	s2,48(sp)
    8000083a:	79a2                	ld	s3,40(sp)
    8000083c:	7a02                	ld	s4,32(sp)
    8000083e:	6ae2                	ld	s5,24(sp)
    80000840:	6b42                	ld	s6,16(sp)
    80000842:	6161                	addi	sp,sp,80
    80000844:	8082                	ret
    80000846:	439c                	lw	a5,0(a5)
    80000848:	04067613          	andi	a2,a2,64
    8000084c:	e30c                	sd	a1,0(a4)
    8000084e:	c601                	beqz	a2,80000856 <_printf_i+0x17c>
    80000850:	17c2                	slli	a5,a5,0x30
    80000852:	93c1                	srli	a5,a5,0x30
    80000854:	b785                	j	800007b4 <_printf_i+0xda>
    80000856:	1782                	slli	a5,a5,0x20
    80000858:	9381                	srli	a5,a5,0x20
    8000085a:	bfa9                	j	800007b4 <_printf_i+0xda>
    8000085c:	419c                	lw	a5,0(a1)
    8000085e:	0a07e793          	ori	a5,a5,160
    80000862:	c19c                	sw	a5,0(a1)
    80000864:	07800813          	li	a6,120
    80000868:	00001617          	auipc	a2,0x1
    8000086c:	3f860613          	addi	a2,a2,1016 # 80001c60 <__tbss_end+0x56>
    80000870:	050402a3          	sb	a6,69(s0)
    80000874:	400c                	lw	a1,0(s0)
    80000876:	631c                	ld	a5,0(a4)
    80000878:	0805f813          	andi	a6,a1,128
    8000087c:	00878513          	addi	a0,a5,8
    80000880:	00080d63          	beqz	a6,8000089a <_printf_i+0x1c0>
    80000884:	639c                	ld	a5,0(a5)
    80000886:	e308                	sd	a0,0(a4)
    80000888:	0015f713          	andi	a4,a1,1
    8000088c:	c701                	beqz	a4,80000894 <_printf_i+0x1ba>
    8000088e:	0205e593          	ori	a1,a1,32
    80000892:	c00c                	sw	a1,0(s0)
    80000894:	cf99                	beqz	a5,800008b2 <_printf_i+0x1d8>
    80000896:	4841                	li	a6,16
    80000898:	b73d                	j	800007c6 <_printf_i+0xec>
    8000089a:	439c                	lw	a5,0(a5)
    8000089c:	0405f813          	andi	a6,a1,64
    800008a0:	e308                	sd	a0,0(a4)
    800008a2:	00080563          	beqz	a6,800008ac <_printf_i+0x1d2>
    800008a6:	17c2                	slli	a5,a5,0x30
    800008a8:	93c1                	srli	a5,a5,0x30
    800008aa:	bff9                	j	80000888 <_printf_i+0x1ae>
    800008ac:	1782                	slli	a5,a5,0x20
    800008ae:	9381                	srli	a5,a5,0x20
    800008b0:	bfe1                	j	80000888 <_printf_i+0x1ae>
    800008b2:	4018                	lw	a4,0(s0)
    800008b4:	fdf77713          	andi	a4,a4,-33
    800008b8:	c018                	sw	a4,0(s0)
    800008ba:	bff1                	j	80000896 <_printf_i+0x1bc>
    800008bc:	4829                	li	a6,10
    800008be:	b721                	j	800007c6 <_printf_i+0xec>
    800008c0:	4190                	lw	a2,0(a1)
    800008c2:	631c                	ld	a5,0(a4)
    800008c4:	49cc                	lw	a1,20(a1)
    800008c6:	08067813          	andi	a6,a2,128
    800008ca:	00878513          	addi	a0,a5,8
    800008ce:	00080963          	beqz	a6,800008e0 <_printf_i+0x206>
    800008d2:	e308                	sd	a0,0(a4)
    800008d4:	639c                	ld	a5,0(a5)
    800008d6:	e38c                	sd	a1,0(a5)
    800008d8:	00042823          	sw	zero,16(s0)
    800008dc:	84b6                	mv	s1,a3
    800008de:	bf3d                	j	8000081c <_printf_i+0x142>
    800008e0:	e308                	sd	a0,0(a4)
    800008e2:	04067613          	andi	a2,a2,64
    800008e6:	639c                	ld	a5,0(a5)
    800008e8:	c601                	beqz	a2,800008f0 <_printf_i+0x216>
    800008ea:	00b79023          	sh	a1,0(a5)
    800008ee:	b7ed                	j	800008d8 <_printf_i+0x1fe>
    800008f0:	c38c                	sw	a1,0(a5)
    800008f2:	b7dd                	j	800008d8 <_printf_i+0x1fe>
    800008f4:	631c                	ld	a5,0(a4)
    800008f6:	41d0                	lw	a2,4(a1)
    800008f8:	4581                	li	a1,0
    800008fa:	00878693          	addi	a3,a5,8
    800008fe:	e314                	sd	a3,0(a4)
    80000900:	6384                	ld	s1,0(a5)
    80000902:	8526                	mv	a0,s1
    80000904:	7e8000ef          	jal	800010ec <memchr>
    80000908:	c119                	beqz	a0,8000090e <_printf_i+0x234>
    8000090a:	8d05                	sub	a0,a0,s1
    8000090c:	c048                	sw	a0,4(s0)
    8000090e:	405c                	lw	a5,4(s0)
    80000910:	c81c                	sw	a5,16(s0)
    80000912:	040401a3          	sb	zero,67(s0)
    80000916:	b719                	j	8000081c <_printf_i+0x142>
    80000918:	4814                	lw	a3,16(s0)
    8000091a:	8626                	mv	a2,s1
    8000091c:	85ce                	mv	a1,s3
    8000091e:	854a                	mv	a0,s2
    80000920:	9a02                	jalr	s4
    80000922:	f15507e3          	beq	a0,s5,80000830 <_printf_i+0x156>
    80000926:	401c                	lw	a5,0(s0)
    80000928:	8b89                	andi	a5,a5,2
    8000092a:	eb85                	bnez	a5,8000095a <_printf_i+0x280>
    8000092c:	4458                	lw	a4,12(s0)
    8000092e:	47b2                	lw	a5,12(sp)
    80000930:	0007051b          	sext.w	a0,a4
    80000934:	eef75fe3          	bge	a4,a5,80000832 <_printf_i+0x158>
    80000938:	0007851b          	sext.w	a0,a5
    8000093c:	bddd                	j	80000832 <_printf_i+0x158>
    8000093e:	4685                	li	a3,1
    80000940:	8656                	mv	a2,s5
    80000942:	85ce                	mv	a1,s3
    80000944:	854a                	mv	a0,s2
    80000946:	9a02                	jalr	s4
    80000948:	ef6504e3          	beq	a0,s6,80000830 <_printf_i+0x156>
    8000094c:	2485                	addiw	s1,s1,1
    8000094e:	445c                	lw	a5,12(s0)
    80000950:	4732                	lw	a4,12(sp)
    80000952:	9f99                	subw	a5,a5,a4
    80000954:	fef4c5e3          	blt	s1,a5,8000093e <_printf_i+0x264>
    80000958:	bfd1                	j	8000092c <_printf_i+0x252>
    8000095a:	4481                	li	s1,0
    8000095c:	01940a93          	addi	s5,s0,25
    80000960:	5b7d                	li	s6,-1
    80000962:	b7f5                	j	8000094e <_printf_i+0x274>

0000000080000964 <__fp_lock>:
    80000964:	4501                	li	a0,0
    80000966:	8082                	ret

0000000080000968 <std>:
    80000968:	1141                	addi	sp,sp,-16
    8000096a:	e022                	sd	s0,0(sp)
    8000096c:	e406                	sd	ra,8(sp)
    8000096e:	842a                	mv	s0,a0
    80000970:	00b51823          	sh	a1,16(a0)
    80000974:	00c51923          	sh	a2,18(a0)
    80000978:	00053023          	sd	zero,0(a0)
    8000097c:	00053423          	sd	zero,8(a0)
    80000980:	0a052623          	sw	zero,172(a0)
    80000984:	00053c23          	sd	zero,24(a0)
    80000988:	02052023          	sw	zero,32(a0)
    8000098c:	02052423          	sw	zero,40(a0)
    80000990:	4621                	li	a2,8
    80000992:	4581                	li	a1,0
    80000994:	0a450513          	addi	a0,a0,164
    80000998:	111000ef          	jal	800012a8 <memset>
    8000099c:	00000797          	auipc	a5,0x0
    800009a0:	51478793          	addi	a5,a5,1300 # 80000eb0 <__sread>
    800009a4:	e03c                	sd	a5,64(s0)
    800009a6:	00000797          	auipc	a5,0x0
    800009aa:	54078793          	addi	a5,a5,1344 # 80000ee6 <__swrite>
    800009ae:	e43c                	sd	a5,72(s0)
    800009b0:	00000797          	auipc	a5,0x0
    800009b4:	58678793          	addi	a5,a5,1414 # 80000f36 <__sseek>
    800009b8:	e83c                	sd	a5,80(s0)
    800009ba:	00000797          	auipc	a5,0x0
    800009be:	5b478793          	addi	a5,a5,1460 # 80000f6e <__sclose>
    800009c2:	60a2                	ld	ra,8(sp)
    800009c4:	fc00                	sd	s0,56(s0)
    800009c6:	ec3c                	sd	a5,88(s0)
    800009c8:	6402                	ld	s0,0(sp)
    800009ca:	0141                	addi	sp,sp,16
    800009cc:	8082                	ret

00000000800009ce <stdio_exit_handler>:
    800009ce:	00001617          	auipc	a2,0x1
    800009d2:	41260613          	addi	a2,a2,1042 # 80001de0 <__sglue>
    800009d6:	00001597          	auipc	a1,0x1
    800009da:	ce458593          	addi	a1,a1,-796 # 800016ba <_fflush_r>
    800009de:	00001517          	auipc	a0,0x1
    800009e2:	37250513          	addi	a0,a0,882 # 80001d50 <_impure_data>
    800009e6:	a185                	j	80000e46 <_fwalk_sglue>

00000000800009e8 <cleanup_stdio>:
    800009e8:	650c                	ld	a1,8(a0)
    800009ea:	1141                	addi	sp,sp,-16
    800009ec:	e022                	sd	s0,0(sp)
    800009ee:	e406                	sd	ra,8(sp)
    800009f0:	00001797          	auipc	a5,0x1
    800009f4:	46078793          	addi	a5,a5,1120 # 80001e50 <__sf>
    800009f8:	842a                	mv	s0,a0
    800009fa:	00f58463          	beq	a1,a5,80000a02 <cleanup_stdio+0x1a>
    800009fe:	4bd000ef          	jal	800016ba <_fflush_r>
    80000a02:	680c                	ld	a1,16(s0)
    80000a04:	00001797          	auipc	a5,0x1
    80000a08:	4fc78793          	addi	a5,a5,1276 # 80001f00 <__sf+0xb0>
    80000a0c:	00f58563          	beq	a1,a5,80000a16 <cleanup_stdio+0x2e>
    80000a10:	8522                	mv	a0,s0
    80000a12:	4a9000ef          	jal	800016ba <_fflush_r>
    80000a16:	6c0c                	ld	a1,24(s0)
    80000a18:	9b818793          	addi	a5,gp,-1608 # 80001fb0 <__sf+0x160>
    80000a1c:	00f58863          	beq	a1,a5,80000a2c <cleanup_stdio+0x44>
    80000a20:	8522                	mv	a0,s0
    80000a22:	6402                	ld	s0,0(sp)
    80000a24:	60a2                	ld	ra,8(sp)
    80000a26:	0141                	addi	sp,sp,16
    80000a28:	4930006f          	j	800016ba <_fflush_r>
    80000a2c:	60a2                	ld	ra,8(sp)
    80000a2e:	6402                	ld	s0,0(sp)
    80000a30:	0141                	addi	sp,sp,16
    80000a32:	8082                	ret

0000000080000a34 <global_stdio_init.part.0>:
    80000a34:	1141                	addi	sp,sp,-16
    80000a36:	00000797          	auipc	a5,0x0
    80000a3a:	f9878793          	addi	a5,a5,-104 # 800009ce <stdio_exit_handler>
    80000a3e:	4601                	li	a2,0
    80000a40:	4591                	li	a1,4
    80000a42:	00001517          	auipc	a0,0x1
    80000a46:	40e50513          	addi	a0,a0,1038 # 80001e50 <__sf>
    80000a4a:	e406                	sd	ra,8(sp)
    80000a4c:	82f1b023          	sd	a5,-2016(gp) # 80001e18 <__stdio_exit_handler>
    80000a50:	f19ff0ef          	jal	80000968 <std>
    80000a54:	4605                	li	a2,1
    80000a56:	45a5                	li	a1,9
    80000a58:	00001517          	auipc	a0,0x1
    80000a5c:	4a850513          	addi	a0,a0,1192 # 80001f00 <__sf+0xb0>
    80000a60:	f09ff0ef          	jal	80000968 <std>
    80000a64:	60a2                	ld	ra,8(sp)
    80000a66:	4609                	li	a2,2
    80000a68:	45c9                	li	a1,18
    80000a6a:	9b818513          	addi	a0,gp,-1608 # 80001fb0 <__sf+0x160>
    80000a6e:	0141                	addi	sp,sp,16
    80000a70:	bde5                	j	80000968 <std>

0000000080000a72 <__fp_unlock>:
    80000a72:	4501                	li	a0,0
    80000a74:	8082                	ret

0000000080000a76 <__sfp>:
    80000a76:	1101                	addi	sp,sp,-32
    80000a78:	e04a                	sd	s2,0(sp)
    80000a7a:	ec06                	sd	ra,24(sp)
    80000a7c:	e822                	sd	s0,16(sp)
    80000a7e:	e426                	sd	s1,8(sp)
    80000a80:	8201b783          	ld	a5,-2016(gp) # 80001e18 <__stdio_exit_handler>
    80000a84:	892a                	mv	s2,a0
    80000a86:	e399                	bnez	a5,80000a8c <__sfp+0x16>
    80000a88:	fadff0ef          	jal	80000a34 <global_stdio_init.part.0>
    80000a8c:	00001497          	auipc	s1,0x1
    80000a90:	35448493          	addi	s1,s1,852 # 80001de0 <__sglue>
    80000a94:	6880                	ld	s0,16(s1)
    80000a96:	449c                	lw	a5,8(s1)
    80000a98:	37fd                	addiw	a5,a5,-1
    80000a9a:	0207d163          	bgez	a5,80000abc <__sfp+0x46>
    80000a9e:	609c                	ld	a5,0(s1)
    80000aa0:	e7c1                	bnez	a5,80000b28 <__sfp+0xb2>
    80000aa2:	2d800593          	li	a1,728
    80000aa6:	854a                	mv	a0,s2
    80000aa8:	121000ef          	jal	800013c8 <_malloc_r>
    80000aac:	842a                	mv	s0,a0
    80000aae:	e12d                	bnez	a0,80000b10 <__sfp+0x9a>
    80000ab0:	0004b023          	sd	zero,0(s1)
    80000ab4:	47b1                	li	a5,12
    80000ab6:	00f92023          	sw	a5,0(s2)
    80000aba:	a089                	j	80000afc <__sfp+0x86>
    80000abc:	01041703          	lh	a4,16(s0)
    80000ac0:	e729                	bnez	a4,80000b0a <__sfp+0x94>
    80000ac2:	77c1                	lui	a5,0xffff0
    80000ac4:	0785                	addi	a5,a5,1 # ffffffffffff0001 <__heap_end+0xffffffff7ffcd001>
    80000ac6:	0a042623          	sw	zero,172(s0)
    80000aca:	00043023          	sd	zero,0(s0)
    80000ace:	00043423          	sd	zero,8(s0)
    80000ad2:	c81c                	sw	a5,16(s0)
    80000ad4:	00043c23          	sd	zero,24(s0)
    80000ad8:	02042023          	sw	zero,32(s0)
    80000adc:	02042423          	sw	zero,40(s0)
    80000ae0:	4621                	li	a2,8
    80000ae2:	4581                	li	a1,0
    80000ae4:	0a440513          	addi	a0,s0,164
    80000ae8:	7c0000ef          	jal	800012a8 <memset>
    80000aec:	06043023          	sd	zero,96(s0)
    80000af0:	06042423          	sw	zero,104(s0)
    80000af4:	08043023          	sd	zero,128(s0)
    80000af8:	08042423          	sw	zero,136(s0)
    80000afc:	60e2                	ld	ra,24(sp)
    80000afe:	8522                	mv	a0,s0
    80000b00:	6442                	ld	s0,16(sp)
    80000b02:	64a2                	ld	s1,8(sp)
    80000b04:	6902                	ld	s2,0(sp)
    80000b06:	6105                	addi	sp,sp,32
    80000b08:	8082                	ret
    80000b0a:	0b040413          	addi	s0,s0,176
    80000b0e:	b769                	j	80000a98 <__sfp+0x22>
    80000b10:	4791                	li	a5,4
    80000b12:	00053023          	sd	zero,0(a0)
    80000b16:	c51c                	sw	a5,8(a0)
    80000b18:	0561                	addi	a0,a0,24
    80000b1a:	e808                	sd	a0,16(s0)
    80000b1c:	2c000613          	li	a2,704
    80000b20:	4581                	li	a1,0
    80000b22:	786000ef          	jal	800012a8 <memset>
    80000b26:	e080                	sd	s0,0(s1)
    80000b28:	6084                	ld	s1,0(s1)
    80000b2a:	b7ad                	j	80000a94 <__sfp+0x1e>

0000000080000b2c <__sinit>:
    80000b2c:	613c                	ld	a5,64(a0)
    80000b2e:	eb91                	bnez	a5,80000b42 <__sinit+0x16>
    80000b30:	00000797          	auipc	a5,0x0
    80000b34:	eb878793          	addi	a5,a5,-328 # 800009e8 <cleanup_stdio>
    80000b38:	e13c                	sd	a5,64(a0)
    80000b3a:	8201b783          	ld	a5,-2016(gp) # 80001e18 <__stdio_exit_handler>
    80000b3e:	e391                	bnez	a5,80000b42 <__sinit+0x16>
    80000b40:	bdd5                	j	80000a34 <global_stdio_init.part.0>
    80000b42:	8082                	ret

0000000080000b44 <__sfp_lock_acquire>:
    80000b44:	8082                	ret

0000000080000b46 <__sfp_lock_release>:
    80000b46:	8082                	ret

0000000080000b48 <__fp_lock_all>:
    80000b48:	00001617          	auipc	a2,0x1
    80000b4c:	29860613          	addi	a2,a2,664 # 80001de0 <__sglue>
    80000b50:	00000597          	auipc	a1,0x0
    80000b54:	e1458593          	addi	a1,a1,-492 # 80000964 <__fp_lock>
    80000b58:	4501                	li	a0,0
    80000b5a:	a4f5                	j	80000e46 <_fwalk_sglue>

0000000080000b5c <__fp_unlock_all>:
    80000b5c:	00001617          	auipc	a2,0x1
    80000b60:	28460613          	addi	a2,a2,644 # 80001de0 <__sglue>
    80000b64:	00000597          	auipc	a1,0x0
    80000b68:	f0e58593          	addi	a1,a1,-242 # 80000a72 <__fp_unlock>
    80000b6c:	4501                	li	a0,0
    80000b6e:	ace1                	j	80000e46 <_fwalk_sglue>

0000000080000b70 <__sfvwrite_r>:
    80000b70:	6a1c                	ld	a5,16(a2)
    80000b72:	e399                	bnez	a5,80000b78 <__sfvwrite_r+0x8>
    80000b74:	4501                	li	a0,0
    80000b76:	8082                	ret
    80000b78:	0105d783          	lhu	a5,16(a1)
    80000b7c:	7159                	addi	sp,sp,-112
    80000b7e:	f0a2                	sd	s0,96(sp)
    80000b80:	e8ca                	sd	s2,80(sp)
    80000b82:	e0d2                	sd	s4,64(sp)
    80000b84:	f486                	sd	ra,104(sp)
    80000b86:	eca6                	sd	s1,88(sp)
    80000b88:	e4ce                	sd	s3,72(sp)
    80000b8a:	fc56                	sd	s5,56(sp)
    80000b8c:	f85a                	sd	s6,48(sp)
    80000b8e:	f45e                	sd	s7,40(sp)
    80000b90:	f062                	sd	s8,32(sp)
    80000b92:	ec66                	sd	s9,24(sp)
    80000b94:	e86a                	sd	s10,16(sp)
    80000b96:	e46e                	sd	s11,8(sp)
    80000b98:	8ba1                	andi	a5,a5,8
    80000b9a:	892a                	mv	s2,a0
    80000b9c:	842e                	mv	s0,a1
    80000b9e:	8a32                	mv	s4,a2
    80000ba0:	cfc1                	beqz	a5,80000c38 <__sfvwrite_r+0xc8>
    80000ba2:	6d9c                	ld	a5,24(a1)
    80000ba4:	cbd1                	beqz	a5,80000c38 <__sfvwrite_r+0xc8>
    80000ba6:	01041783          	lh	a5,16(s0)
    80000baa:	000a3983          	ld	s3,0(s4)
    80000bae:	0027f713          	andi	a4,a5,2
    80000bb2:	e765                	bnez	a4,80000c9a <__sfvwrite_r+0x12a>
    80000bb4:	8b85                	andi	a5,a5,1
    80000bb6:	4a81                	li	s5,0
    80000bb8:	16078063          	beqz	a5,80000d18 <__sfvwrite_r+0x1a8>
    80000bbc:	4501                	li	a0,0
    80000bbe:	4b81                	li	s7,0
    80000bc0:	4b01                	li	s6,0
    80000bc2:	240b0063          	beqz	s6,80000e02 <__sfvwrite_r+0x292>
    80000bc6:	e919                	bnez	a0,80000bdc <__sfvwrite_r+0x6c>
    80000bc8:	865a                	mv	a2,s6
    80000bca:	45a9                	li	a1,10
    80000bcc:	855e                	mv	a0,s7
    80000bce:	51e000ef          	jal	800010ec <memchr>
    80000bd2:	22050f63          	beqz	a0,80000e10 <__sfvwrite_r+0x2a0>
    80000bd6:	0505                	addi	a0,a0,1
    80000bd8:	41750abb          	subw	s5,a0,s7
    80000bdc:	8c56                	mv	s8,s5
    80000bde:	015b7363          	bgeu	s6,s5,80000be4 <__sfvwrite_r+0x74>
    80000be2:	8c5a                	mv	s8,s6
    80000be4:	6008                	ld	a0,0(s0)
    80000be6:	6c1c                	ld	a5,24(s0)
    80000be8:	4444                	lw	s1,12(s0)
    80000bea:	5014                	lw	a3,32(s0)
    80000bec:	22a7f563          	bgeu	a5,a0,80000e16 <__sfvwrite_r+0x2a6>
    80000bf0:	9cb5                	addw	s1,s1,a3
    80000bf2:	2384d263          	bge	s1,s8,80000e16 <__sfvwrite_r+0x2a6>
    80000bf6:	85de                	mv	a1,s7
    80000bf8:	8626                	mv	a2,s1
    80000bfa:	688000ef          	jal	80001282 <memmove>
    80000bfe:	601c                	ld	a5,0(s0)
    80000c00:	85a2                	mv	a1,s0
    80000c02:	854a                	mv	a0,s2
    80000c04:	97a6                	add	a5,a5,s1
    80000c06:	e01c                	sd	a5,0(s0)
    80000c08:	2b3000ef          	jal	800016ba <_fflush_r>
    80000c0c:	0e051f63          	bnez	a0,80000d0a <__sfvwrite_r+0x19a>
    80000c10:	409a8abb          	subw	s5,s5,s1
    80000c14:	4505                	li	a0,1
    80000c16:	000a9763          	bnez	s5,80000c24 <__sfvwrite_r+0xb4>
    80000c1a:	85a2                	mv	a1,s0
    80000c1c:	854a                	mv	a0,s2
    80000c1e:	29d000ef          	jal	800016ba <_fflush_r>
    80000c22:	e565                	bnez	a0,80000d0a <__sfvwrite_r+0x19a>
    80000c24:	010a3783          	ld	a5,16(s4)
    80000c28:	9ba6                	add	s7,s7,s1
    80000c2a:	409b0b33          	sub	s6,s6,s1
    80000c2e:	8f85                	sub	a5,a5,s1
    80000c30:	00fa3823          	sd	a5,16(s4)
    80000c34:	f7d9                	bnez	a5,80000bc2 <__sfvwrite_r+0x52>
    80000c36:	a091                	j	80000c7a <__sfvwrite_r+0x10a>
    80000c38:	85a2                	mv	a1,s0
    80000c3a:	854a                	mv	a0,s2
    80000c3c:	3e2000ef          	jal	8000101e <__swsetup_r>
    80000c40:	d13d                	beqz	a0,80000ba6 <__sfvwrite_r+0x36>
    80000c42:	557d                	li	a0,-1
    80000c44:	a825                	j	80000c7c <__sfvwrite_r+0x10c>
    80000c46:	0009ba83          	ld	s5,0(s3)
    80000c4a:	0089b483          	ld	s1,8(s3)
    80000c4e:	09c1                	addi	s3,s3,16
    80000c50:	643c                	ld	a5,72(s0)
    80000c52:	7c0c                	ld	a1,56(s0)
    80000c54:	d8ed                	beqz	s1,80000c46 <__sfvwrite_r+0xd6>
    80000c56:	86a6                	mv	a3,s1
    80000c58:	009b7363          	bgeu	s6,s1,80000c5e <__sfvwrite_r+0xee>
    80000c5c:	86da                	mv	a3,s6
    80000c5e:	2681                	sext.w	a3,a3
    80000c60:	8656                	mv	a2,s5
    80000c62:	854a                	mv	a0,s2
    80000c64:	9782                	jalr	a5
    80000c66:	0aa05263          	blez	a0,80000d0a <__sfvwrite_r+0x19a>
    80000c6a:	010a3783          	ld	a5,16(s4)
    80000c6e:	9aaa                	add	s5,s5,a0
    80000c70:	8c89                	sub	s1,s1,a0
    80000c72:	8f89                	sub	a5,a5,a0
    80000c74:	00fa3823          	sd	a5,16(s4)
    80000c78:	ffe1                	bnez	a5,80000c50 <__sfvwrite_r+0xe0>
    80000c7a:	4501                	li	a0,0
    80000c7c:	70a6                	ld	ra,104(sp)
    80000c7e:	7406                	ld	s0,96(sp)
    80000c80:	64e6                	ld	s1,88(sp)
    80000c82:	6946                	ld	s2,80(sp)
    80000c84:	69a6                	ld	s3,72(sp)
    80000c86:	6a06                	ld	s4,64(sp)
    80000c88:	7ae2                	ld	s5,56(sp)
    80000c8a:	7b42                	ld	s6,48(sp)
    80000c8c:	7ba2                	ld	s7,40(sp)
    80000c8e:	7c02                	ld	s8,32(sp)
    80000c90:	6ce2                	ld	s9,24(sp)
    80000c92:	6d42                	ld	s10,16(sp)
    80000c94:	6da2                	ld	s11,8(sp)
    80000c96:	6165                	addi	sp,sp,112
    80000c98:	8082                	ret
    80000c9a:	80000b37          	lui	s6,0x80000
    80000c9e:	4a81                	li	s5,0
    80000ca0:	4481                	li	s1,0
    80000ca2:	c00b4b13          	xori	s6,s6,-1024
    80000ca6:	b76d                	j	80000c50 <__sfvwrite_r+0xe0>
    80000ca8:	0009ba83          	ld	s5,0(s3)
    80000cac:	0089bc83          	ld	s9,8(s3)
    80000cb0:	09c1                	addi	s3,s3,16
    80000cb2:	4444                	lw	s1,12(s0)
    80000cb4:	01041783          	lh	a5,16(s0)
    80000cb8:	6008                	ld	a0,0(s0)
    80000cba:	8d26                	mv	s10,s1
    80000cbc:	fe0c86e3          	beqz	s9,80000ca8 <__sfvwrite_r+0x138>
    80000cc0:	2007f713          	andi	a4,a5,512
    80000cc4:	c37d                	beqz	a4,80000daa <__sfvwrite_r+0x23a>
    80000cc6:	089ce763          	bltu	s9,s1,80000d54 <__sfvwrite_r+0x1e4>
    80000cca:	4807f713          	andi	a4,a5,1152
    80000cce:	c359                	beqz	a4,80000d54 <__sfvwrite_r+0x1e4>
    80000cd0:	5004                	lw	s1,32(s0)
    80000cd2:	6c0c                	ld	a1,24(s0)
    80000cd4:	029b84bb          	mulw	s1,s7,s1
    80000cd8:	8d0d                	sub	a0,a0,a1
    80000cda:	00050d9b          	sext.w	s11,a0
    80000cde:	001d8713          	addi	a4,s11,1
    80000ce2:	9766                	add	a4,a4,s9
    80000ce4:	0384c4bb          	divw	s1,s1,s8
    80000ce8:	00e4f563          	bgeu	s1,a4,80000cf2 <__sfvwrite_r+0x182>
    80000cec:	2505                	addiw	a0,a0,1
    80000cee:	019504bb          	addw	s1,a0,s9
    80000cf2:	4007f793          	andi	a5,a5,1024
    80000cf6:	cbc9                	beqz	a5,80000d88 <__sfvwrite_r+0x218>
    80000cf8:	85a6                	mv	a1,s1
    80000cfa:	854a                	mv	a0,s2
    80000cfc:	6cc000ef          	jal	800013c8 <_malloc_r>
    80000d00:	8d2a                	mv	s10,a0
    80000d02:	e11d                	bnez	a0,80000d28 <__sfvwrite_r+0x1b8>
    80000d04:	47b1                	li	a5,12
    80000d06:	00f92023          	sw	a5,0(s2)
    80000d0a:	01045783          	lhu	a5,16(s0)
    80000d0e:	0407e793          	ori	a5,a5,64
    80000d12:	00f41823          	sh	a5,16(s0)
    80000d16:	b735                	j	80000c42 <__sfvwrite_r+0xd2>
    80000d18:	80000b37          	lui	s6,0x80000
    80000d1c:	4c81                	li	s9,0
    80000d1e:	fffb4b13          	not	s6,s6
    80000d22:	4b8d                	li	s7,3
    80000d24:	4c09                	li	s8,2
    80000d26:	b771                	j	80000cb2 <__sfvwrite_r+0x142>
    80000d28:	6c0c                	ld	a1,24(s0)
    80000d2a:	866e                	mv	a2,s11
    80000d2c:	58c000ef          	jal	800012b8 <memcpy>
    80000d30:	01045783          	lhu	a5,16(s0)
    80000d34:	b7f7f793          	andi	a5,a5,-1153
    80000d38:	0807e793          	ori	a5,a5,128
    80000d3c:	00f41823          	sh	a5,16(s0)
    80000d40:	01a43c23          	sd	s10,24(s0)
    80000d44:	d004                	sw	s1,32(s0)
    80000d46:	9d6e                	add	s10,s10,s11
    80000d48:	41b484bb          	subw	s1,s1,s11
    80000d4c:	01a43023          	sd	s10,0(s0)
    80000d50:	c444                	sw	s1,12(s0)
    80000d52:	8d66                	mv	s10,s9
    80000d54:	84e6                	mv	s1,s9
    80000d56:	01acf363          	bgeu	s9,s10,80000d5c <__sfvwrite_r+0x1ec>
    80000d5a:	8d66                	mv	s10,s9
    80000d5c:	6008                	ld	a0,0(s0)
    80000d5e:	866a                	mv	a2,s10
    80000d60:	85d6                	mv	a1,s5
    80000d62:	520000ef          	jal	80001282 <memmove>
    80000d66:	445c                	lw	a5,12(s0)
    80000d68:	41a787bb          	subw	a5,a5,s10
    80000d6c:	c45c                	sw	a5,12(s0)
    80000d6e:	601c                	ld	a5,0(s0)
    80000d70:	97ea                	add	a5,a5,s10
    80000d72:	e01c                	sd	a5,0(s0)
    80000d74:	010a3783          	ld	a5,16(s4)
    80000d78:	9aa6                	add	s5,s5,s1
    80000d7a:	409c8cb3          	sub	s9,s9,s1
    80000d7e:	8f85                	sub	a5,a5,s1
    80000d80:	00fa3823          	sd	a5,16(s4)
    80000d84:	f79d                	bnez	a5,80000cb2 <__sfvwrite_r+0x142>
    80000d86:	bdd5                	j	80000c7a <__sfvwrite_r+0x10a>
    80000d88:	8626                	mv	a2,s1
    80000d8a:	854a                	mv	a0,s2
    80000d8c:	770000ef          	jal	800014fc <_realloc_r>
    80000d90:	8d2a                	mv	s10,a0
    80000d92:	f55d                	bnez	a0,80000d40 <__sfvwrite_r+0x1d0>
    80000d94:	6c0c                	ld	a1,24(s0)
    80000d96:	854a                	mv	a0,s2
    80000d98:	536000ef          	jal	800012ce <_free_r>
    80000d9c:	01045783          	lhu	a5,16(s0)
    80000da0:	f7f7f793          	andi	a5,a5,-129
    80000da4:	00f41823          	sh	a5,16(s0)
    80000da8:	bfb1                	j	80000d04 <__sfvwrite_r+0x194>
    80000daa:	6c1c                	ld	a5,24(s0)
    80000dac:	00a7e563          	bltu	a5,a0,80000db6 <__sfvwrite_r+0x246>
    80000db0:	5014                	lw	a3,32(s0)
    80000db2:	02dcf763          	bgeu	s9,a3,80000de0 <__sfvwrite_r+0x270>
    80000db6:	009cf363          	bgeu	s9,s1,80000dbc <__sfvwrite_r+0x24c>
    80000dba:	84e6                	mv	s1,s9
    80000dbc:	8626                	mv	a2,s1
    80000dbe:	85d6                	mv	a1,s5
    80000dc0:	4c2000ef          	jal	80001282 <memmove>
    80000dc4:	445c                	lw	a5,12(s0)
    80000dc6:	4097873b          	subw	a4,a5,s1
    80000dca:	601c                	ld	a5,0(s0)
    80000dcc:	c458                	sw	a4,12(s0)
    80000dce:	97a6                	add	a5,a5,s1
    80000dd0:	e01c                	sd	a5,0(s0)
    80000dd2:	f34d                	bnez	a4,80000d74 <__sfvwrite_r+0x204>
    80000dd4:	85a2                	mv	a1,s0
    80000dd6:	854a                	mv	a0,s2
    80000dd8:	0e3000ef          	jal	800016ba <_fflush_r>
    80000ddc:	dd41                	beqz	a0,80000d74 <__sfvwrite_r+0x204>
    80000dde:	b735                	j	80000d0a <__sfvwrite_r+0x19a>
    80000de0:	87e6                	mv	a5,s9
    80000de2:	019b7363          	bgeu	s6,s9,80000de8 <__sfvwrite_r+0x278>
    80000de6:	87da                	mv	a5,s6
    80000de8:	02d7c7bb          	divw	a5,a5,a3
    80000dec:	6438                	ld	a4,72(s0)
    80000dee:	7c0c                	ld	a1,56(s0)
    80000df0:	8656                	mv	a2,s5
    80000df2:	854a                	mv	a0,s2
    80000df4:	02d786bb          	mulw	a3,a5,a3
    80000df8:	9702                	jalr	a4
    80000dfa:	84aa                	mv	s1,a0
    80000dfc:	f6a04ce3          	bgtz	a0,80000d74 <__sfvwrite_r+0x204>
    80000e00:	b729                	j	80000d0a <__sfvwrite_r+0x19a>
    80000e02:	0009bb83          	ld	s7,0(s3)
    80000e06:	0089bb03          	ld	s6,8(s3)
    80000e0a:	4501                	li	a0,0
    80000e0c:	09c1                	addi	s3,s3,16
    80000e0e:	bb55                	j	80000bc2 <__sfvwrite_r+0x52>
    80000e10:	001b0a9b          	addiw	s5,s6,1 # ffffffff80000001 <__heap_end+0xfffffffefffdd001>
    80000e14:	b3e1                	j	80000bdc <__sfvwrite_r+0x6c>
    80000e16:	00dc4b63          	blt	s8,a3,80000e2c <__sfvwrite_r+0x2bc>
    80000e1a:	643c                	ld	a5,72(s0)
    80000e1c:	7c0c                	ld	a1,56(s0)
    80000e1e:	865e                	mv	a2,s7
    80000e20:	854a                	mv	a0,s2
    80000e22:	9782                	jalr	a5
    80000e24:	84aa                	mv	s1,a0
    80000e26:	dea045e3          	bgtz	a0,80000c10 <__sfvwrite_r+0xa0>
    80000e2a:	b5c5                	j	80000d0a <__sfvwrite_r+0x19a>
    80000e2c:	8662                	mv	a2,s8
    80000e2e:	85de                	mv	a1,s7
    80000e30:	452000ef          	jal	80001282 <memmove>
    80000e34:	445c                	lw	a5,12(s0)
    80000e36:	84e2                	mv	s1,s8
    80000e38:	418787bb          	subw	a5,a5,s8
    80000e3c:	c45c                	sw	a5,12(s0)
    80000e3e:	601c                	ld	a5,0(s0)
    80000e40:	97e2                	add	a5,a5,s8
    80000e42:	e01c                	sd	a5,0(s0)
    80000e44:	b3f1                	j	80000c10 <__sfvwrite_r+0xa0>

0000000080000e46 <_fwalk_sglue>:
    80000e46:	715d                	addi	sp,sp,-80
    80000e48:	e0a2                	sd	s0,64(sp)
    80000e4a:	fc26                	sd	s1,56(sp)
    80000e4c:	f44e                	sd	s3,40(sp)
    80000e4e:	f052                	sd	s4,32(sp)
    80000e50:	e85a                	sd	s6,16(sp)
    80000e52:	e45e                	sd	s7,8(sp)
    80000e54:	e486                	sd	ra,72(sp)
    80000e56:	f84a                	sd	s2,48(sp)
    80000e58:	ec56                	sd	s5,24(sp)
    80000e5a:	89aa                	mv	s3,a0
    80000e5c:	8a2e                	mv	s4,a1
    80000e5e:	8432                	mv	s0,a2
    80000e60:	4481                	li	s1,0
    80000e62:	4b05                	li	s6,1
    80000e64:	5bfd                	li	s7,-1
    80000e66:	01043903          	ld	s2,16(s0)
    80000e6a:	00842a83          	lw	s5,8(s0)
    80000e6e:	3afd                	addiw	s5,s5,-1
    80000e70:	020ad063          	bgez	s5,80000e90 <_fwalk_sglue+0x4a>
    80000e74:	6000                	ld	s0,0(s0)
    80000e76:	f865                	bnez	s0,80000e66 <_fwalk_sglue+0x20>
    80000e78:	60a6                	ld	ra,72(sp)
    80000e7a:	6406                	ld	s0,64(sp)
    80000e7c:	7942                	ld	s2,48(sp)
    80000e7e:	79a2                	ld	s3,40(sp)
    80000e80:	7a02                	ld	s4,32(sp)
    80000e82:	6ae2                	ld	s5,24(sp)
    80000e84:	6b42                	ld	s6,16(sp)
    80000e86:	6ba2                	ld	s7,8(sp)
    80000e88:	8526                	mv	a0,s1
    80000e8a:	74e2                	ld	s1,56(sp)
    80000e8c:	6161                	addi	sp,sp,80
    80000e8e:	8082                	ret
    80000e90:	01095783          	lhu	a5,16(s2)
    80000e94:	00fb7b63          	bgeu	s6,a5,80000eaa <_fwalk_sglue+0x64>
    80000e98:	01291783          	lh	a5,18(s2)
    80000e9c:	01778763          	beq	a5,s7,80000eaa <_fwalk_sglue+0x64>
    80000ea0:	85ca                	mv	a1,s2
    80000ea2:	854e                	mv	a0,s3
    80000ea4:	9a02                	jalr	s4
    80000ea6:	8cc9                	or	s1,s1,a0
    80000ea8:	2481                	sext.w	s1,s1
    80000eaa:	0b090913          	addi	s2,s2,176
    80000eae:	b7c1                	j	80000e6e <_fwalk_sglue+0x28>

0000000080000eb0 <__sread>:
    80000eb0:	1141                	addi	sp,sp,-16
    80000eb2:	e022                	sd	s0,0(sp)
    80000eb4:	842e                	mv	s0,a1
    80000eb6:	01259583          	lh	a1,18(a1)
    80000eba:	e406                	sd	ra,8(sp)
    80000ebc:	36e000ef          	jal	8000122a <_read_r>
    80000ec0:	00054963          	bltz	a0,80000ed2 <__sread+0x22>
    80000ec4:	6c5c                	ld	a5,152(s0)
    80000ec6:	97aa                	add	a5,a5,a0
    80000ec8:	ec5c                	sd	a5,152(s0)
    80000eca:	60a2                	ld	ra,8(sp)
    80000ecc:	6402                	ld	s0,0(sp)
    80000ece:	0141                	addi	sp,sp,16
    80000ed0:	8082                	ret
    80000ed2:	01045783          	lhu	a5,16(s0)
    80000ed6:	777d                	lui	a4,0xfffff
    80000ed8:	177d                	addi	a4,a4,-1 # ffffffffffffefff <__heap_end+0xffffffff7ffdbfff>
    80000eda:	8ff9                	and	a5,a5,a4
    80000edc:	00f41823          	sh	a5,16(s0)
    80000ee0:	b7ed                	j	80000eca <__sread+0x1a>

0000000080000ee2 <__seofread>:
    80000ee2:	4501                	li	a0,0
    80000ee4:	8082                	ret

0000000080000ee6 <__swrite>:
    80000ee6:	0105d783          	lhu	a5,16(a1)
    80000eea:	7179                	addi	sp,sp,-48
    80000eec:	f022                	sd	s0,32(sp)
    80000eee:	ec26                	sd	s1,24(sp)
    80000ef0:	e84a                	sd	s2,16(sp)
    80000ef2:	e44e                	sd	s3,8(sp)
    80000ef4:	f406                	sd	ra,40(sp)
    80000ef6:	1007f793          	andi	a5,a5,256
    80000efa:	84aa                	mv	s1,a0
    80000efc:	842e                	mv	s0,a1
    80000efe:	8932                	mv	s2,a2
    80000f00:	89b6                	mv	s3,a3
    80000f02:	c799                	beqz	a5,80000f10 <__swrite+0x2a>
    80000f04:	01259583          	lh	a1,18(a1)
    80000f08:	4689                	li	a3,2
    80000f0a:	4601                	li	a2,0
    80000f0c:	2f2000ef          	jal	800011fe <_lseek_r>
    80000f10:	01045783          	lhu	a5,16(s0)
    80000f14:	777d                	lui	a4,0xfffff
    80000f16:	177d                	addi	a4,a4,-1 # ffffffffffffefff <__heap_end+0xffffffff7ffdbfff>
    80000f18:	8ff9                	and	a5,a5,a4
    80000f1a:	01241583          	lh	a1,18(s0)
    80000f1e:	00f41823          	sh	a5,16(s0)
    80000f22:	7402                	ld	s0,32(sp)
    80000f24:	70a2                	ld	ra,40(sp)
    80000f26:	86ce                	mv	a3,s3
    80000f28:	864a                	mv	a2,s2
    80000f2a:	69a2                	ld	s3,8(sp)
    80000f2c:	6942                	ld	s2,16(sp)
    80000f2e:	8526                	mv	a0,s1
    80000f30:	64e2                	ld	s1,24(sp)
    80000f32:	6145                	addi	sp,sp,48
    80000f34:	a60d                	j	80001256 <_write_r>

0000000080000f36 <__sseek>:
    80000f36:	1141                	addi	sp,sp,-16
    80000f38:	e022                	sd	s0,0(sp)
    80000f3a:	842e                	mv	s0,a1
    80000f3c:	01259583          	lh	a1,18(a1)
    80000f40:	e406                	sd	ra,8(sp)
    80000f42:	2bc000ef          	jal	800011fe <_lseek_r>
    80000f46:	577d                	li	a4,-1
    80000f48:	01045783          	lhu	a5,16(s0)
    80000f4c:	00e51b63          	bne	a0,a4,80000f62 <__sseek+0x2c>
    80000f50:	777d                	lui	a4,0xfffff
    80000f52:	177d                	addi	a4,a4,-1 # ffffffffffffefff <__heap_end+0xffffffff7ffdbfff>
    80000f54:	8ff9                	and	a5,a5,a4
    80000f56:	00f41823          	sh	a5,16(s0)
    80000f5a:	60a2                	ld	ra,8(sp)
    80000f5c:	6402                	ld	s0,0(sp)
    80000f5e:	0141                	addi	sp,sp,16
    80000f60:	8082                	ret
    80000f62:	6705                	lui	a4,0x1
    80000f64:	8fd9                	or	a5,a5,a4
    80000f66:	00f41823          	sh	a5,16(s0)
    80000f6a:	ec48                	sd	a0,152(s0)
    80000f6c:	b7fd                	j	80000f5a <__sseek+0x24>

0000000080000f6e <__sclose>:
    80000f6e:	01259583          	lh	a1,18(a1)
    80000f72:	aa51                	j	80001106 <_close_r>

0000000080000f74 <__swbuf_r>:
    80000f74:	7179                	addi	sp,sp,-48
    80000f76:	f022                	sd	s0,32(sp)
    80000f78:	ec26                	sd	s1,24(sp)
    80000f7a:	e84a                	sd	s2,16(sp)
    80000f7c:	f406                	sd	ra,40(sp)
    80000f7e:	e44e                	sd	s3,8(sp)
    80000f80:	892a                	mv	s2,a0
    80000f82:	84ae                	mv	s1,a1
    80000f84:	8432                	mv	s0,a2
    80000f86:	c509                	beqz	a0,80000f90 <__swbuf_r+0x1c>
    80000f88:	613c                	ld	a5,64(a0)
    80000f8a:	e399                	bnez	a5,80000f90 <__swbuf_r+0x1c>
    80000f8c:	ba1ff0ef          	jal	80000b2c <__sinit>
    80000f90:	541c                	lw	a5,40(s0)
    80000f92:	c45c                	sw	a5,12(s0)
    80000f94:	01045783          	lhu	a5,16(s0)
    80000f98:	8ba1                	andi	a5,a5,8
    80000f9a:	c399                	beqz	a5,80000fa0 <__swbuf_r+0x2c>
    80000f9c:	6c1c                	ld	a5,24(s0)
    80000f9e:	ef99                	bnez	a5,80000fbc <__swbuf_r+0x48>
    80000fa0:	85a2                	mv	a1,s0
    80000fa2:	854a                	mv	a0,s2
    80000fa4:	07a000ef          	jal	8000101e <__swsetup_r>
    80000fa8:	c911                	beqz	a0,80000fbc <__swbuf_r+0x48>
    80000faa:	54fd                	li	s1,-1
    80000fac:	70a2                	ld	ra,40(sp)
    80000fae:	7402                	ld	s0,32(sp)
    80000fb0:	6942                	ld	s2,16(sp)
    80000fb2:	69a2                	ld	s3,8(sp)
    80000fb4:	8526                	mv	a0,s1
    80000fb6:	64e2                	ld	s1,24(sp)
    80000fb8:	6145                	addi	sp,sp,48
    80000fba:	8082                	ret
    80000fbc:	601c                	ld	a5,0(s0)
    80000fbe:	6c18                	ld	a4,24(s0)
    80000fc0:	0ff4f993          	zext.b	s3,s1
    80000fc4:	84ce                	mv	s1,s3
    80000fc6:	40e7853b          	subw	a0,a5,a4
    80000fca:	501c                	lw	a5,32(s0)
    80000fcc:	00f54763          	blt	a0,a5,80000fda <__swbuf_r+0x66>
    80000fd0:	85a2                	mv	a1,s0
    80000fd2:	854a                	mv	a0,s2
    80000fd4:	6e6000ef          	jal	800016ba <_fflush_r>
    80000fd8:	f969                	bnez	a0,80000faa <__swbuf_r+0x36>
    80000fda:	445c                	lw	a5,12(s0)
    80000fdc:	37fd                	addiw	a5,a5,-1
    80000fde:	c45c                	sw	a5,12(s0)
    80000fe0:	601c                	ld	a5,0(s0)
    80000fe2:	00178713          	addi	a4,a5,1
    80000fe6:	e018                	sd	a4,0(s0)
    80000fe8:	01378023          	sb	s3,0(a5)
    80000fec:	5018                	lw	a4,32(s0)
    80000fee:	0015079b          	addiw	a5,a0,1
    80000ff2:	00f70963          	beq	a4,a5,80001004 <__swbuf_r+0x90>
    80000ff6:	01045783          	lhu	a5,16(s0)
    80000ffa:	8b85                	andi	a5,a5,1
    80000ffc:	dbc5                	beqz	a5,80000fac <__swbuf_r+0x38>
    80000ffe:	47a9                	li	a5,10
    80001000:	faf496e3          	bne	s1,a5,80000fac <__swbuf_r+0x38>
    80001004:	85a2                	mv	a1,s0
    80001006:	854a                	mv	a0,s2
    80001008:	6b2000ef          	jal	800016ba <_fflush_r>
    8000100c:	d145                	beqz	a0,80000fac <__swbuf_r+0x38>
    8000100e:	bf71                	j	80000faa <__swbuf_r+0x36>

0000000080001010 <__swbuf>:
    80001010:	862e                	mv	a2,a1
    80001012:	85aa                	mv	a1,a0
    80001014:	00001517          	auipc	a0,0x1
    80001018:	de453503          	ld	a0,-540(a0) # 80001df8 <_impure_ptr>
    8000101c:	bfa1                	j	80000f74 <__swbuf_r>

000000008000101e <__swsetup_r>:
    8000101e:	1101                	addi	sp,sp,-32
    80001020:	e822                	sd	s0,16(sp)
    80001022:	e426                	sd	s1,8(sp)
    80001024:	ec06                	sd	ra,24(sp)
    80001026:	84aa                	mv	s1,a0
    80001028:	00001517          	auipc	a0,0x1
    8000102c:	dd053503          	ld	a0,-560(a0) # 80001df8 <_impure_ptr>
    80001030:	842e                	mv	s0,a1
    80001032:	c509                	beqz	a0,8000103c <__swsetup_r+0x1e>
    80001034:	613c                	ld	a5,64(a0)
    80001036:	e399                	bnez	a5,8000103c <__swsetup_r+0x1e>
    80001038:	af5ff0ef          	jal	80000b2c <__sinit>
    8000103c:	01041783          	lh	a5,16(s0)
    80001040:	0087f713          	andi	a4,a5,8
    80001044:	eb29                	bnez	a4,80001096 <__swsetup_r+0x78>
    80001046:	0107f713          	andi	a4,a5,16
    8000104a:	eb09                	bnez	a4,8000105c <__swsetup_r+0x3e>
    8000104c:	4725                	li	a4,9
    8000104e:	c098                	sw	a4,0(s1)
    80001050:	0407e793          	ori	a5,a5,64
    80001054:	00f41823          	sh	a5,16(s0)
    80001058:	557d                	li	a0,-1
    8000105a:	a8ad                	j	800010d4 <__swsetup_r+0xb6>
    8000105c:	8b91                	andi	a5,a5,4
    8000105e:	c795                	beqz	a5,8000108a <__swsetup_r+0x6c>
    80001060:	702c                	ld	a1,96(s0)
    80001062:	c991                	beqz	a1,80001076 <__swsetup_r+0x58>
    80001064:	07c40793          	addi	a5,s0,124
    80001068:	00f58563          	beq	a1,a5,80001072 <__swsetup_r+0x54>
    8000106c:	8526                	mv	a0,s1
    8000106e:	260000ef          	jal	800012ce <_free_r>
    80001072:	06043023          	sd	zero,96(s0)
    80001076:	01045783          	lhu	a5,16(s0)
    8000107a:	00042423          	sw	zero,8(s0)
    8000107e:	fdb7f793          	andi	a5,a5,-37
    80001082:	00f41823          	sh	a5,16(s0)
    80001086:	6c1c                	ld	a5,24(s0)
    80001088:	e01c                	sd	a5,0(s0)
    8000108a:	01045783          	lhu	a5,16(s0)
    8000108e:	0087e793          	ori	a5,a5,8
    80001092:	00f41823          	sh	a5,16(s0)
    80001096:	6c1c                	ld	a5,24(s0)
    80001098:	ef89                	bnez	a5,800010b2 <__swsetup_r+0x94>
    8000109a:	01045783          	lhu	a5,16(s0)
    8000109e:	20000713          	li	a4,512
    800010a2:	2807f793          	andi	a5,a5,640
    800010a6:	00e78663          	beq	a5,a4,800010b2 <__swsetup_r+0x94>
    800010aa:	85a2                	mv	a1,s0
    800010ac:	8526                	mv	a0,s1
    800010ae:	6ca000ef          	jal	80001778 <__smakebuf_r>
    800010b2:	01041783          	lh	a5,16(s0)
    800010b6:	0017f713          	andi	a4,a5,1
    800010ba:	c315                	beqz	a4,800010de <__swsetup_r+0xc0>
    800010bc:	5018                	lw	a4,32(s0)
    800010be:	00042623          	sw	zero,12(s0)
    800010c2:	40e0073b          	negw	a4,a4
    800010c6:	d418                	sw	a4,40(s0)
    800010c8:	6c18                	ld	a4,24(s0)
    800010ca:	4501                	li	a0,0
    800010cc:	e701                	bnez	a4,800010d4 <__swsetup_r+0xb6>
    800010ce:	0807f713          	andi	a4,a5,128
    800010d2:	ff3d                	bnez	a4,80001050 <__swsetup_r+0x32>
    800010d4:	60e2                	ld	ra,24(sp)
    800010d6:	6442                	ld	s0,16(sp)
    800010d8:	64a2                	ld	s1,8(sp)
    800010da:	6105                	addi	sp,sp,32
    800010dc:	8082                	ret
    800010de:	0027f713          	andi	a4,a5,2
    800010e2:	4681                	li	a3,0
    800010e4:	e311                	bnez	a4,800010e8 <__swsetup_r+0xca>
    800010e6:	5014                	lw	a3,32(s0)
    800010e8:	c454                	sw	a3,12(s0)
    800010ea:	bff9                	j	800010c8 <__swsetup_r+0xaa>

00000000800010ec <memchr>:
    800010ec:	0ff5f593          	zext.b	a1,a1
    800010f0:	962a                	add	a2,a2,a0
    800010f2:	00c51463          	bne	a0,a2,800010fa <memchr+0xe>
    800010f6:	4501                	li	a0,0
    800010f8:	8082                	ret
    800010fa:	00054783          	lbu	a5,0(a0)
    800010fe:	feb78de3          	beq	a5,a1,800010f8 <memchr+0xc>
    80001102:	0505                	addi	a0,a0,1
    80001104:	b7fd                	j	800010f2 <memchr+0x6>

0000000080001106 <_close_r>:
    80001106:	1141                	addi	sp,sp,-16
    80001108:	e022                	sd	s0,0(sp)
    8000110a:	842a                	mv	s0,a0
    8000110c:	852e                	mv	a0,a1
    8000110e:	8201a423          	sw	zero,-2008(gp) # 80001e20 <errno>
    80001112:	e406                	sd	ra,8(sp)
    80001114:	794000ef          	jal	800018a8 <_close>
    80001118:	57fd                	li	a5,-1
    8000111a:	00f51663          	bne	a0,a5,80001126 <_close_r+0x20>
    8000111e:	8281a783          	lw	a5,-2008(gp) # 80001e20 <errno>
    80001122:	c391                	beqz	a5,80001126 <_close_r+0x20>
    80001124:	c01c                	sw	a5,0(s0)
    80001126:	60a2                	ld	ra,8(sp)
    80001128:	6402                	ld	s0,0(sp)
    8000112a:	0141                	addi	sp,sp,16
    8000112c:	8082                	ret

000000008000112e <_reclaim_reent>:
    8000112e:	00001797          	auipc	a5,0x1
    80001132:	cca7b783          	ld	a5,-822(a5) # 80001df8 <_impure_ptr>
    80001136:	0ca78363          	beq	a5,a0,800011fc <_reclaim_reent+0xce>
    8000113a:	7d1c                	ld	a5,56(a0)
    8000113c:	7179                	addi	sp,sp,-48
    8000113e:	f022                	sd	s0,32(sp)
    80001140:	f406                	sd	ra,40(sp)
    80001142:	ec26                	sd	s1,24(sp)
    80001144:	e84a                	sd	s2,16(sp)
    80001146:	e44e                	sd	s3,8(sp)
    80001148:	842a                	mv	s0,a0
    8000114a:	cb8d                	beqz	a5,8000117c <_reclaim_reent+0x4e>
    8000114c:	6f9c                	ld	a5,24(a5)
    8000114e:	c38d                	beqz	a5,80001170 <_reclaim_reent+0x42>
    80001150:	4481                	li	s1,0
    80001152:	20000913          	li	s2,512
    80001156:	7c1c                	ld	a5,56(s0)
    80001158:	6f9c                	ld	a5,24(a5)
    8000115a:	97a6                	add	a5,a5,s1
    8000115c:	638c                	ld	a1,0(a5)
    8000115e:	e1c9                	bnez	a1,800011e0 <_reclaim_reent+0xb2>
    80001160:	04a1                	addi	s1,s1,8
    80001162:	ff249ae3          	bne	s1,s2,80001156 <_reclaim_reent+0x28>
    80001166:	7c1c                	ld	a5,56(s0)
    80001168:	8522                	mv	a0,s0
    8000116a:	6f8c                	ld	a1,24(a5)
    8000116c:	162000ef          	jal	800012ce <_free_r>
    80001170:	7c1c                	ld	a5,56(s0)
    80001172:	638c                	ld	a1,0(a5)
    80001174:	c581                	beqz	a1,8000117c <_reclaim_reent+0x4e>
    80001176:	8522                	mv	a0,s0
    80001178:	156000ef          	jal	800012ce <_free_r>
    8000117c:	740c                	ld	a1,40(s0)
    8000117e:	c581                	beqz	a1,80001186 <_reclaim_reent+0x58>
    80001180:	8522                	mv	a0,s0
    80001182:	14c000ef          	jal	800012ce <_free_r>
    80001186:	7c0c                	ld	a1,56(s0)
    80001188:	c581                	beqz	a1,80001190 <_reclaim_reent+0x62>
    8000118a:	8522                	mv	a0,s0
    8000118c:	142000ef          	jal	800012ce <_free_r>
    80001190:	6c2c                	ld	a1,88(s0)
    80001192:	c581                	beqz	a1,8000119a <_reclaim_reent+0x6c>
    80001194:	8522                	mv	a0,s0
    80001196:	138000ef          	jal	800012ce <_free_r>
    8000119a:	702c                	ld	a1,96(s0)
    8000119c:	c581                	beqz	a1,800011a4 <_reclaim_reent+0x76>
    8000119e:	8522                	mv	a0,s0
    800011a0:	12e000ef          	jal	800012ce <_free_r>
    800011a4:	742c                	ld	a1,104(s0)
    800011a6:	c581                	beqz	a1,800011ae <_reclaim_reent+0x80>
    800011a8:	8522                	mv	a0,s0
    800011aa:	124000ef          	jal	800012ce <_free_r>
    800011ae:	644c                	ld	a1,136(s0)
    800011b0:	c581                	beqz	a1,800011b8 <_reclaim_reent+0x8a>
    800011b2:	8522                	mv	a0,s0
    800011b4:	11a000ef          	jal	800012ce <_free_r>
    800011b8:	604c                	ld	a1,128(s0)
    800011ba:	c581                	beqz	a1,800011c2 <_reclaim_reent+0x94>
    800011bc:	8522                	mv	a0,s0
    800011be:	110000ef          	jal	800012ce <_free_r>
    800011c2:	682c                	ld	a1,80(s0)
    800011c4:	c581                	beqz	a1,800011cc <_reclaim_reent+0x9e>
    800011c6:	8522                	mv	a0,s0
    800011c8:	106000ef          	jal	800012ce <_free_r>
    800011cc:	603c                	ld	a5,64(s0)
    800011ce:	c385                	beqz	a5,800011ee <_reclaim_reent+0xc0>
    800011d0:	8522                	mv	a0,s0
    800011d2:	7402                	ld	s0,32(sp)
    800011d4:	70a2                	ld	ra,40(sp)
    800011d6:	64e2                	ld	s1,24(sp)
    800011d8:	6942                	ld	s2,16(sp)
    800011da:	69a2                	ld	s3,8(sp)
    800011dc:	6145                	addi	sp,sp,48
    800011de:	8782                	jr	a5
    800011e0:	0005b983          	ld	s3,0(a1)
    800011e4:	8522                	mv	a0,s0
    800011e6:	0e8000ef          	jal	800012ce <_free_r>
    800011ea:	85ce                	mv	a1,s3
    800011ec:	bf8d                	j	8000115e <_reclaim_reent+0x30>
    800011ee:	70a2                	ld	ra,40(sp)
    800011f0:	7402                	ld	s0,32(sp)
    800011f2:	64e2                	ld	s1,24(sp)
    800011f4:	6942                	ld	s2,16(sp)
    800011f6:	69a2                	ld	s3,8(sp)
    800011f8:	6145                	addi	sp,sp,48
    800011fa:	8082                	ret
    800011fc:	8082                	ret

00000000800011fe <_lseek_r>:
    800011fe:	1141                	addi	sp,sp,-16
    80001200:	e022                	sd	s0,0(sp)
    80001202:	842a                	mv	s0,a0
    80001204:	852e                	mv	a0,a1
    80001206:	85b2                	mv	a1,a2
    80001208:	8636                	mv	a2,a3
    8000120a:	8201a423          	sw	zero,-2008(gp) # 80001e20 <errno>
    8000120e:	e406                	sd	ra,8(sp)
    80001210:	6c8000ef          	jal	800018d8 <_lseek>
    80001214:	57fd                	li	a5,-1
    80001216:	00f51663          	bne	a0,a5,80001222 <_lseek_r+0x24>
    8000121a:	8281a783          	lw	a5,-2008(gp) # 80001e20 <errno>
    8000121e:	c391                	beqz	a5,80001222 <_lseek_r+0x24>
    80001220:	c01c                	sw	a5,0(s0)
    80001222:	60a2                	ld	ra,8(sp)
    80001224:	6402                	ld	s0,0(sp)
    80001226:	0141                	addi	sp,sp,16
    80001228:	8082                	ret

000000008000122a <_read_r>:
    8000122a:	1141                	addi	sp,sp,-16
    8000122c:	e022                	sd	s0,0(sp)
    8000122e:	842a                	mv	s0,a0
    80001230:	852e                	mv	a0,a1
    80001232:	85b2                	mv	a1,a2
    80001234:	8636                	mv	a2,a3
    80001236:	8201a423          	sw	zero,-2008(gp) # 80001e20 <errno>
    8000123a:	e406                	sd	ra,8(sp)
    8000123c:	6b0000ef          	jal	800018ec <_read>
    80001240:	57fd                	li	a5,-1
    80001242:	00f51663          	bne	a0,a5,8000124e <_read_r+0x24>
    80001246:	8281a783          	lw	a5,-2008(gp) # 80001e20 <errno>
    8000124a:	c391                	beqz	a5,8000124e <_read_r+0x24>
    8000124c:	c01c                	sw	a5,0(s0)
    8000124e:	60a2                	ld	ra,8(sp)
    80001250:	6402                	ld	s0,0(sp)
    80001252:	0141                	addi	sp,sp,16
    80001254:	8082                	ret

0000000080001256 <_write_r>:
    80001256:	1141                	addi	sp,sp,-16
    80001258:	e022                	sd	s0,0(sp)
    8000125a:	842a                	mv	s0,a0
    8000125c:	852e                	mv	a0,a1
    8000125e:	85b2                	mv	a1,a2
    80001260:	8636                	mv	a2,a3
    80001262:	8201a423          	sw	zero,-2008(gp) # 80001e20 <errno>
    80001266:	e406                	sd	ra,8(sp)
    80001268:	6d6000ef          	jal	8000193e <_write>
    8000126c:	57fd                	li	a5,-1
    8000126e:	00f51663          	bne	a0,a5,8000127a <_write_r+0x24>
    80001272:	8281a783          	lw	a5,-2008(gp) # 80001e20 <errno>
    80001276:	c391                	beqz	a5,8000127a <_write_r+0x24>
    80001278:	c01c                	sw	a5,0(s0)
    8000127a:	60a2                	ld	ra,8(sp)
    8000127c:	6402                	ld	s0,0(sp)
    8000127e:	0141                	addi	sp,sp,16
    80001280:	8082                	ret

0000000080001282 <memmove>:
    80001282:	c215                	beqz	a2,800012a6 <memmove+0x24>
    80001284:	832a                	mv	t1,a0
    80001286:	4685                	li	a3,1
    80001288:	00b56763          	bltu	a0,a1,80001296 <memmove+0x14>
    8000128c:	56fd                	li	a3,-1
    8000128e:	fff60713          	addi	a4,a2,-1
    80001292:	933a                	add	t1,t1,a4
    80001294:	95ba                	add	a1,a1,a4
    80001296:	00058383          	lb	t2,0(a1)
    8000129a:	00730023          	sb	t2,0(t1)
    8000129e:	167d                	addi	a2,a2,-1
    800012a0:	9336                	add	t1,t1,a3
    800012a2:	95b6                	add	a1,a1,a3
    800012a4:	fa6d                	bnez	a2,80001296 <memmove+0x14>
    800012a6:	8082                	ret

00000000800012a8 <memset>:
    800012a8:	832a                	mv	t1,a0
    800012aa:	c611                	beqz	a2,800012b6 <memset+0xe>
    800012ac:	00b30023          	sb	a1,0(t1)
    800012b0:	167d                	addi	a2,a2,-1
    800012b2:	0305                	addi	t1,t1,1
    800012b4:	fe65                	bnez	a2,800012ac <memset+0x4>
    800012b6:	8082                	ret

00000000800012b8 <memcpy>:
    800012b8:	832a                	mv	t1,a0
    800012ba:	ca09                	beqz	a2,800012cc <memcpy+0x14>
    800012bc:	00058383          	lb	t2,0(a1)
    800012c0:	00730023          	sb	t2,0(t1)
    800012c4:	167d                	addi	a2,a2,-1
    800012c6:	0305                	addi	t1,t1,1
    800012c8:	0585                	addi	a1,a1,1
    800012ca:	fa6d                	bnez	a2,800012bc <memcpy+0x4>
    800012cc:	8082                	ret

00000000800012ce <_free_r>:
    800012ce:	cdd9                	beqz	a1,8000136c <_free_r+0x9e>
    800012d0:	ff85b783          	ld	a5,-8(a1)
    800012d4:	1101                	addi	sp,sp,-32
    800012d6:	e822                	sd	s0,16(sp)
    800012d8:	ec06                	sd	ra,24(sp)
    800012da:	ff858413          	addi	s0,a1,-8
    800012de:	0007d363          	bgez	a5,800012e4 <_free_r+0x16>
    800012e2:	943e                	add	s0,s0,a5
    800012e4:	e42a                	sd	a0,8(sp)
    800012e6:	212000ef          	jal	800014f8 <__malloc_lock>
    800012ea:	83818713          	addi	a4,gp,-1992 # 80001e30 <__malloc_free_list>
    800012ee:	631c                	ld	a5,0(a4)
    800012f0:	6522                	ld	a0,8(sp)
    800012f2:	eb81                	bnez	a5,80001302 <_free_r+0x34>
    800012f4:	00043423          	sd	zero,8(s0)
    800012f8:	e300                	sd	s0,0(a4)
    800012fa:	6442                	ld	s0,16(sp)
    800012fc:	60e2                	ld	ra,24(sp)
    800012fe:	6105                	addi	sp,sp,32
    80001300:	aaed                	j	800014fa <__malloc_unlock>
    80001302:	00f47d63          	bgeu	s0,a5,8000131c <_free_r+0x4e>
    80001306:	6010                	ld	a2,0(s0)
    80001308:	00c406b3          	add	a3,s0,a2
    8000130c:	00d79663          	bne	a5,a3,80001318 <_free_r+0x4a>
    80001310:	6394                	ld	a3,0(a5)
    80001312:	679c                	ld	a5,8(a5)
    80001314:	96b2                	add	a3,a3,a2
    80001316:	e014                	sd	a3,0(s0)
    80001318:	e41c                	sd	a5,8(s0)
    8000131a:	bff9                	j	800012f8 <_free_r+0x2a>
    8000131c:	873e                	mv	a4,a5
    8000131e:	679c                	ld	a5,8(a5)
    80001320:	c399                	beqz	a5,80001326 <_free_r+0x58>
    80001322:	fef47de3          	bgeu	s0,a5,8000131c <_free_r+0x4e>
    80001326:	6314                	ld	a3,0(a4)
    80001328:	00d70633          	add	a2,a4,a3
    8000132c:	00861f63          	bne	a2,s0,8000134a <_free_r+0x7c>
    80001330:	6010                	ld	a2,0(s0)
    80001332:	96b2                	add	a3,a3,a2
    80001334:	e314                	sd	a3,0(a4)
    80001336:	00d70633          	add	a2,a4,a3
    8000133a:	fcc790e3          	bne	a5,a2,800012fa <_free_r+0x2c>
    8000133e:	6390                	ld	a2,0(a5)
    80001340:	679c                	ld	a5,8(a5)
    80001342:	96b2                	add	a3,a3,a2
    80001344:	e314                	sd	a3,0(a4)
    80001346:	e71c                	sd	a5,8(a4)
    80001348:	bf4d                	j	800012fa <_free_r+0x2c>
    8000134a:	00c47563          	bgeu	s0,a2,80001354 <_free_r+0x86>
    8000134e:	47b1                	li	a5,12
    80001350:	c11c                	sw	a5,0(a0)
    80001352:	b765                	j	800012fa <_free_r+0x2c>
    80001354:	6010                	ld	a2,0(s0)
    80001356:	00c406b3          	add	a3,s0,a2
    8000135a:	00d79663          	bne	a5,a3,80001366 <_free_r+0x98>
    8000135e:	6394                	ld	a3,0(a5)
    80001360:	679c                	ld	a5,8(a5)
    80001362:	96b2                	add	a3,a3,a2
    80001364:	e014                	sd	a3,0(s0)
    80001366:	e41c                	sd	a5,8(s0)
    80001368:	e700                	sd	s0,8(a4)
    8000136a:	bf41                	j	800012fa <_free_r+0x2c>
    8000136c:	8082                	ret

000000008000136e <sbrk_aligned>:
    8000136e:	1101                	addi	sp,sp,-32
    80001370:	e04a                	sd	s2,0(sp)
    80001372:	83018913          	addi	s2,gp,-2000 # 80001e28 <__malloc_sbrk_start>
    80001376:	00093783          	ld	a5,0(s2)
    8000137a:	e822                	sd	s0,16(sp)
    8000137c:	e426                	sd	s1,8(sp)
    8000137e:	ec06                	sd	ra,24(sp)
    80001380:	84aa                	mv	s1,a0
    80001382:	842e                	mv	s0,a1
    80001384:	e791                	bnez	a5,80001390 <sbrk_aligned+0x22>
    80001386:	4581                	li	a1,0
    80001388:	4e0000ef          	jal	80001868 <_sbrk_r>
    8000138c:	00a93023          	sd	a0,0(s2)
    80001390:	85a2                	mv	a1,s0
    80001392:	8526                	mv	a0,s1
    80001394:	4d4000ef          	jal	80001868 <_sbrk_r>
    80001398:	597d                	li	s2,-1
    8000139a:	01251a63          	bne	a0,s2,800013ae <sbrk_aligned+0x40>
    8000139e:	547d                	li	s0,-1
    800013a0:	60e2                	ld	ra,24(sp)
    800013a2:	8522                	mv	a0,s0
    800013a4:	6442                	ld	s0,16(sp)
    800013a6:	64a2                	ld	s1,8(sp)
    800013a8:	6902                	ld	s2,0(sp)
    800013aa:	6105                	addi	sp,sp,32
    800013ac:	8082                	ret
    800013ae:	00750413          	addi	s0,a0,7
    800013b2:	9861                	andi	s0,s0,-8
    800013b4:	fe8506e3          	beq	a0,s0,800013a0 <sbrk_aligned+0x32>
    800013b8:	40a405b3          	sub	a1,s0,a0
    800013bc:	8526                	mv	a0,s1
    800013be:	4aa000ef          	jal	80001868 <_sbrk_r>
    800013c2:	fd251fe3          	bne	a0,s2,800013a0 <sbrk_aligned+0x32>
    800013c6:	bfe1                	j	8000139e <sbrk_aligned+0x30>

00000000800013c8 <_malloc_r>:
    800013c8:	00758793          	addi	a5,a1,7
    800013cc:	7179                	addi	sp,sp,-48
    800013ce:	9be1                	andi	a5,a5,-8
    800013d0:	ec26                	sd	s1,24(sp)
    800013d2:	e84a                	sd	s2,16(sp)
    800013d4:	f406                	sd	ra,40(sp)
    800013d6:	f022                	sd	s0,32(sp)
    800013d8:	e44e                	sd	s3,8(sp)
    800013da:	e052                	sd	s4,0(sp)
    800013dc:	07a1                	addi	a5,a5,8
    800013de:	4741                	li	a4,16
    800013e0:	892a                	mv	s2,a0
    800013e2:	44c1                	li	s1,16
    800013e4:	00e7e363          	bltu	a5,a4,800013ea <_malloc_r+0x22>
    800013e8:	84be                	mv	s1,a5
    800013ea:	80000737          	lui	a4,0x80000
    800013ee:	fff74713          	not	a4,a4
    800013f2:	00f76463          	bltu	a4,a5,800013fa <_malloc_r+0x32>
    800013f6:	00b4fe63          	bgeu	s1,a1,80001412 <_malloc_r+0x4a>
    800013fa:	47b1                	li	a5,12
    800013fc:	00f92023          	sw	a5,0(s2)
    80001400:	4501                	li	a0,0
    80001402:	70a2                	ld	ra,40(sp)
    80001404:	7402                	ld	s0,32(sp)
    80001406:	64e2                	ld	s1,24(sp)
    80001408:	6942                	ld	s2,16(sp)
    8000140a:	69a2                	ld	s3,8(sp)
    8000140c:	6a02                	ld	s4,0(sp)
    8000140e:	6145                	addi	sp,sp,48
    80001410:	8082                	ret
    80001412:	854a                	mv	a0,s2
    80001414:	0e4000ef          	jal	800014f8 <__malloc_lock>
    80001418:	83818993          	addi	s3,gp,-1992 # 80001e30 <__malloc_free_list>
    8000141c:	0009b783          	ld	a5,0(s3)
    80001420:	843e                	mv	s0,a5
    80001422:	ec21                	bnez	s0,8000147a <_malloc_r+0xb2>
    80001424:	85a6                	mv	a1,s1
    80001426:	854a                	mv	a0,s2
    80001428:	f47ff0ef          	jal	8000136e <sbrk_aligned>
    8000142c:	57fd                	li	a5,-1
    8000142e:	842a                	mv	s0,a0
    80001430:	0af51f63          	bne	a0,a5,800014ee <_malloc_r+0x126>
    80001434:	0009b403          	ld	s0,0(s3)
    80001438:	87a2                	mv	a5,s0
    8000143a:	efd1                	bnez	a5,800014d6 <_malloc_r+0x10e>
    8000143c:	c055                	beqz	s0,800014e0 <_malloc_r+0x118>
    8000143e:	00043a03          	ld	s4,0(s0)
    80001442:	4581                	li	a1,0
    80001444:	854a                	mv	a0,s2
    80001446:	9a22                	add	s4,s4,s0
    80001448:	420000ef          	jal	80001868 <_sbrk_r>
    8000144c:	08aa1a63          	bne	s4,a0,800014e0 <_malloc_r+0x118>
    80001450:	601c                	ld	a5,0(s0)
    80001452:	854a                	mv	a0,s2
    80001454:	8c9d                	sub	s1,s1,a5
    80001456:	85a6                	mv	a1,s1
    80001458:	f17ff0ef          	jal	8000136e <sbrk_aligned>
    8000145c:	57fd                	li	a5,-1
    8000145e:	08f50163          	beq	a0,a5,800014e0 <_malloc_r+0x118>
    80001462:	601c                	ld	a5,0(s0)
    80001464:	97a6                	add	a5,a5,s1
    80001466:	e01c                	sd	a5,0(s0)
    80001468:	0009b783          	ld	a5,0(s3)
    8000146c:	c3d9                	beqz	a5,800014f2 <_malloc_r+0x12a>
    8000146e:	6798                	ld	a4,8(a5)
    80001470:	06871663          	bne	a4,s0,800014dc <_malloc_r+0x114>
    80001474:	0007b423          	sd	zero,8(a5)
    80001478:	a015                	j	8000149c <_malloc_r+0xd4>
    8000147a:	6014                	ld	a3,0(s0)
    8000147c:	9e85                	subw	a3,a3,s1
    8000147e:	0406c963          	bltz	a3,800014d0 <_malloc_r+0x108>
    80001482:	473d                	li	a4,15
    80001484:	02d75e63          	bge	a4,a3,800014c0 <_malloc_r+0xf8>
    80001488:	e004                	sd	s1,0(s0)
    8000148a:	00940733          	add	a4,s0,s1
    8000148e:	02879763          	bne	a5,s0,800014bc <_malloc_r+0xf4>
    80001492:	00e9b023          	sd	a4,0(s3)
    80001496:	641c                	ld	a5,8(s0)
    80001498:	e314                	sd	a3,0(a4)
    8000149a:	e71c                	sd	a5,8(a4)
    8000149c:	854a                	mv	a0,s2
    8000149e:	05c000ef          	jal	800014fa <__malloc_unlock>
    800014a2:	00f40513          	addi	a0,s0,15
    800014a6:	00840793          	addi	a5,s0,8
    800014aa:	9961                	andi	a0,a0,-8
    800014ac:	40f507bb          	subw	a5,a0,a5
    800014b0:	dba9                	beqz	a5,80001402 <_malloc_r+0x3a>
    800014b2:	943e                	add	s0,s0,a5
    800014b4:	40f007bb          	negw	a5,a5
    800014b8:	e01c                	sd	a5,0(s0)
    800014ba:	b7a1                	j	80001402 <_malloc_r+0x3a>
    800014bc:	e798                	sd	a4,8(a5)
    800014be:	bfe1                	j	80001496 <_malloc_r+0xce>
    800014c0:	6418                	ld	a4,8(s0)
    800014c2:	00879563          	bne	a5,s0,800014cc <_malloc_r+0x104>
    800014c6:	00e9b023          	sd	a4,0(s3)
    800014ca:	bfc9                	j	8000149c <_malloc_r+0xd4>
    800014cc:	e798                	sd	a4,8(a5)
    800014ce:	b7f9                	j	8000149c <_malloc_r+0xd4>
    800014d0:	87a2                	mv	a5,s0
    800014d2:	6400                	ld	s0,8(s0)
    800014d4:	b7b9                	j	80001422 <_malloc_r+0x5a>
    800014d6:	843e                	mv	s0,a5
    800014d8:	679c                	ld	a5,8(a5)
    800014da:	b785                	j	8000143a <_malloc_r+0x72>
    800014dc:	87ba                	mv	a5,a4
    800014de:	b779                	j	8000146c <_malloc_r+0xa4>
    800014e0:	47b1                	li	a5,12
    800014e2:	00f92023          	sw	a5,0(s2)
    800014e6:	854a                	mv	a0,s2
    800014e8:	012000ef          	jal	800014fa <__malloc_unlock>
    800014ec:	bf11                	j	80001400 <_malloc_r+0x38>
    800014ee:	e104                	sd	s1,0(a0)
    800014f0:	b775                	j	8000149c <_malloc_r+0xd4>
    800014f2:	00003423          	sd	zero,8(zero) # 8 <__boot_hart+0x8>
    800014f6:	9002                	ebreak

00000000800014f8 <__malloc_lock>:
    800014f8:	8082                	ret

00000000800014fa <__malloc_unlock>:
    800014fa:	8082                	ret

00000000800014fc <_realloc_r>:
    800014fc:	7179                	addi	sp,sp,-48
    800014fe:	f022                	sd	s0,32(sp)
    80001500:	f406                	sd	ra,40(sp)
    80001502:	ec26                	sd	s1,24(sp)
    80001504:	e84a                	sd	s2,16(sp)
    80001506:	e44e                	sd	s3,8(sp)
    80001508:	e052                	sd	s4,0(sp)
    8000150a:	8432                	mv	s0,a2
    8000150c:	e991                	bnez	a1,80001520 <_realloc_r+0x24>
    8000150e:	7402                	ld	s0,32(sp)
    80001510:	70a2                	ld	ra,40(sp)
    80001512:	64e2                	ld	s1,24(sp)
    80001514:	6942                	ld	s2,16(sp)
    80001516:	69a2                	ld	s3,8(sp)
    80001518:	6a02                	ld	s4,0(sp)
    8000151a:	85b2                	mv	a1,a2
    8000151c:	6145                	addi	sp,sp,48
    8000151e:	b56d                	j	800013c8 <_malloc_r>
    80001520:	ee09                	bnez	a2,8000153a <_realloc_r+0x3e>
    80001522:	dadff0ef          	jal	800012ce <_free_r>
    80001526:	4481                	li	s1,0
    80001528:	70a2                	ld	ra,40(sp)
    8000152a:	7402                	ld	s0,32(sp)
    8000152c:	6942                	ld	s2,16(sp)
    8000152e:	69a2                	ld	s3,8(sp)
    80001530:	6a02                	ld	s4,0(sp)
    80001532:	8526                	mv	a0,s1
    80001534:	64e2                	ld	s1,24(sp)
    80001536:	6145                	addi	sp,sp,48
    80001538:	8082                	ret
    8000153a:	8a2a                	mv	s4,a0
    8000153c:	84ae                	mv	s1,a1
    8000153e:	352000ef          	jal	80001890 <_malloc_usable_size_r>
    80001542:	892a                	mv	s2,a0
    80001544:	00856663          	bltu	a0,s0,80001550 <_realloc_r+0x54>
    80001548:	00155793          	srli	a5,a0,0x1
    8000154c:	fc87eee3          	bltu	a5,s0,80001528 <_realloc_r+0x2c>
    80001550:	85a2                	mv	a1,s0
    80001552:	8552                	mv	a0,s4
    80001554:	e75ff0ef          	jal	800013c8 <_malloc_r>
    80001558:	89aa                	mv	s3,a0
    8000155a:	e119                	bnez	a0,80001560 <_realloc_r+0x64>
    8000155c:	84ce                	mv	s1,s3
    8000155e:	b7e9                	j	80001528 <_realloc_r+0x2c>
    80001560:	8622                	mv	a2,s0
    80001562:	00897363          	bgeu	s2,s0,80001568 <_realloc_r+0x6c>
    80001566:	864a                	mv	a2,s2
    80001568:	85a6                	mv	a1,s1
    8000156a:	854e                	mv	a0,s3
    8000156c:	d4dff0ef          	jal	800012b8 <memcpy>
    80001570:	85a6                	mv	a1,s1
    80001572:	8552                	mv	a0,s4
    80001574:	d5bff0ef          	jal	800012ce <_free_r>
    80001578:	b7d5                	j	8000155c <_realloc_r+0x60>

000000008000157a <__sflush_r>:
    8000157a:	01059783          	lh	a5,16(a1)
    8000157e:	7179                	addi	sp,sp,-48
    80001580:	f022                	sd	s0,32(sp)
    80001582:	ec26                	sd	s1,24(sp)
    80001584:	f406                	sd	ra,40(sp)
    80001586:	e84a                	sd	s2,16(sp)
    80001588:	e44e                	sd	s3,8(sp)
    8000158a:	0087f713          	andi	a4,a5,8
    8000158e:	84aa                	mv	s1,a0
    80001590:	842e                	mv	s0,a1
    80001592:	eb69                	bnez	a4,80001664 <__sflush_r+0xea>
    80001594:	4598                	lw	a4,8(a1)
    80001596:	00e04563          	bgtz	a4,800015a0 <__sflush_r+0x26>
    8000159a:	5db8                	lw	a4,120(a1)
    8000159c:	0ae05b63          	blez	a4,80001652 <__sflush_r+0xd8>
    800015a0:	6838                	ld	a4,80(s0)
    800015a2:	cb45                	beqz	a4,80001652 <__sflush_r+0xd8>
    800015a4:	0004a903          	lw	s2,0(s1)
    800015a8:	03379693          	slli	a3,a5,0x33
    800015ac:	0004a023          	sw	zero,0(s1)
    800015b0:	7c0c                	ld	a1,56(s0)
    800015b2:	0606de63          	bgez	a3,8000162e <__sflush_r+0xb4>
    800015b6:	6c50                	ld	a2,152(s0)
    800015b8:	01045783          	lhu	a5,16(s0)
    800015bc:	8b91                	andi	a5,a5,4
    800015be:	c799                	beqz	a5,800015cc <__sflush_r+0x52>
    800015c0:	441c                	lw	a5,8(s0)
    800015c2:	8e1d                	sub	a2,a2,a5
    800015c4:	703c                	ld	a5,96(s0)
    800015c6:	c399                	beqz	a5,800015cc <__sflush_r+0x52>
    800015c8:	5c3c                	lw	a5,120(s0)
    800015ca:	8e1d                	sub	a2,a2,a5
    800015cc:	683c                	ld	a5,80(s0)
    800015ce:	7c0c                	ld	a1,56(s0)
    800015d0:	4681                	li	a3,0
    800015d2:	8526                	mv	a0,s1
    800015d4:	9782                	jalr	a5
    800015d6:	577d                	li	a4,-1
    800015d8:	01045783          	lhu	a5,16(s0)
    800015dc:	00e51d63          	bne	a0,a4,800015f6 <__sflush_r+0x7c>
    800015e0:	4094                	lw	a3,0(s1)
    800015e2:	4775                	li	a4,29
    800015e4:	06d76963          	bltu	a4,a3,80001656 <__sflush_r+0xdc>
    800015e8:	20400737          	lui	a4,0x20400
    800015ec:	0705                	addi	a4,a4,1 # 20400001 <__heap_size+0x203e0001>
    800015ee:	00d75733          	srl	a4,a4,a3
    800015f2:	8b05                	andi	a4,a4,1
    800015f4:	c32d                	beqz	a4,80001656 <__sflush_r+0xdc>
    800015f6:	6c18                	ld	a4,24(s0)
    800015f8:	00042423          	sw	zero,8(s0)
    800015fc:	e018                	sd	a4,0(s0)
    800015fe:	03379713          	slli	a4,a5,0x33
    80001602:	00075863          	bgez	a4,80001612 <__sflush_r+0x98>
    80001606:	57fd                	li	a5,-1
    80001608:	00f51463          	bne	a0,a5,80001610 <__sflush_r+0x96>
    8000160c:	409c                	lw	a5,0(s1)
    8000160e:	e391                	bnez	a5,80001612 <__sflush_r+0x98>
    80001610:	ec48                	sd	a0,152(s0)
    80001612:	702c                	ld	a1,96(s0)
    80001614:	0124a023          	sw	s2,0(s1)
    80001618:	cd8d                	beqz	a1,80001652 <__sflush_r+0xd8>
    8000161a:	07c40793          	addi	a5,s0,124
    8000161e:	00f58563          	beq	a1,a5,80001628 <__sflush_r+0xae>
    80001622:	8526                	mv	a0,s1
    80001624:	cabff0ef          	jal	800012ce <_free_r>
    80001628:	06043023          	sd	zero,96(s0)
    8000162c:	a01d                	j	80001652 <__sflush_r+0xd8>
    8000162e:	4601                	li	a2,0
    80001630:	4685                	li	a3,1
    80001632:	8526                	mv	a0,s1
    80001634:	9702                	jalr	a4
    80001636:	57fd                	li	a5,-1
    80001638:	862a                	mv	a2,a0
    8000163a:	f6f51fe3          	bne	a0,a5,800015b8 <__sflush_r+0x3e>
    8000163e:	409c                	lw	a5,0(s1)
    80001640:	dfa5                	beqz	a5,800015b8 <__sflush_r+0x3e>
    80001642:	4775                	li	a4,29
    80001644:	00e78563          	beq	a5,a4,8000164e <__sflush_r+0xd4>
    80001648:	4759                	li	a4,22
    8000164a:	04e79663          	bne	a5,a4,80001696 <__sflush_r+0x11c>
    8000164e:	0124a023          	sw	s2,0(s1)
    80001652:	4501                	li	a0,0
    80001654:	a881                	j	800016a4 <__sflush_r+0x12a>
    80001656:	0407e793          	ori	a5,a5,64
    8000165a:	0107979b          	slliw	a5,a5,0x10
    8000165e:	4107d79b          	sraiw	a5,a5,0x10
    80001662:	a835                	j	8000169e <__sflush_r+0x124>
    80001664:	0185b983          	ld	s3,24(a1)
    80001668:	fe0985e3          	beqz	s3,80001652 <__sflush_r+0xd8>
    8000166c:	0005b903          	ld	s2,0(a1)
    80001670:	8b8d                	andi	a5,a5,3
    80001672:	0135b023          	sd	s3,0(a1)
    80001676:	4139093b          	subw	s2,s2,s3
    8000167a:	4701                	li	a4,0
    8000167c:	e391                	bnez	a5,80001680 <__sflush_r+0x106>
    8000167e:	5198                	lw	a4,32(a1)
    80001680:	c458                	sw	a4,12(s0)
    80001682:	fd2058e3          	blez	s2,80001652 <__sflush_r+0xd8>
    80001686:	643c                	ld	a5,72(s0)
    80001688:	7c0c                	ld	a1,56(s0)
    8000168a:	86ca                	mv	a3,s2
    8000168c:	864e                	mv	a2,s3
    8000168e:	8526                	mv	a0,s1
    80001690:	9782                	jalr	a5
    80001692:	02a04063          	bgtz	a0,800016b2 <__sflush_r+0x138>
    80001696:	01041783          	lh	a5,16(s0)
    8000169a:	0407e793          	ori	a5,a5,64
    8000169e:	00f41823          	sh	a5,16(s0)
    800016a2:	557d                	li	a0,-1
    800016a4:	70a2                	ld	ra,40(sp)
    800016a6:	7402                	ld	s0,32(sp)
    800016a8:	64e2                	ld	s1,24(sp)
    800016aa:	6942                	ld	s2,16(sp)
    800016ac:	69a2                	ld	s3,8(sp)
    800016ae:	6145                	addi	sp,sp,48
    800016b0:	8082                	ret
    800016b2:	99aa                	add	s3,s3,a0
    800016b4:	40a9093b          	subw	s2,s2,a0
    800016b8:	b7e9                	j	80001682 <__sflush_r+0x108>

00000000800016ba <_fflush_r>:
    800016ba:	6d9c                	ld	a5,24(a1)
    800016bc:	cb8d                	beqz	a5,800016ee <_fflush_r+0x34>
    800016be:	1101                	addi	sp,sp,-32
    800016c0:	e822                	sd	s0,16(sp)
    800016c2:	ec06                	sd	ra,24(sp)
    800016c4:	842a                	mv	s0,a0
    800016c6:	c519                	beqz	a0,800016d4 <_fflush_r+0x1a>
    800016c8:	613c                	ld	a5,64(a0)
    800016ca:	e789                	bnez	a5,800016d4 <_fflush_r+0x1a>
    800016cc:	e42e                	sd	a1,8(sp)
    800016ce:	c5eff0ef          	jal	80000b2c <__sinit>
    800016d2:	65a2                	ld	a1,8(sp)
    800016d4:	01059783          	lh	a5,16(a1)
    800016d8:	c791                	beqz	a5,800016e4 <_fflush_r+0x2a>
    800016da:	8522                	mv	a0,s0
    800016dc:	6442                	ld	s0,16(sp)
    800016de:	60e2                	ld	ra,24(sp)
    800016e0:	6105                	addi	sp,sp,32
    800016e2:	bd61                	j	8000157a <__sflush_r>
    800016e4:	60e2                	ld	ra,24(sp)
    800016e6:	6442                	ld	s0,16(sp)
    800016e8:	4501                	li	a0,0
    800016ea:	6105                	addi	sp,sp,32
    800016ec:	8082                	ret
    800016ee:	4501                	li	a0,0
    800016f0:	8082                	ret

00000000800016f2 <fflush>:
    800016f2:	85aa                	mv	a1,a0
    800016f4:	ed19                	bnez	a0,80001712 <fflush+0x20>
    800016f6:	00000617          	auipc	a2,0x0
    800016fa:	6ea60613          	addi	a2,a2,1770 # 80001de0 <__sglue>
    800016fe:	00000597          	auipc	a1,0x0
    80001702:	fbc58593          	addi	a1,a1,-68 # 800016ba <_fflush_r>
    80001706:	00000517          	auipc	a0,0x0
    8000170a:	64a50513          	addi	a0,a0,1610 # 80001d50 <_impure_data>
    8000170e:	f38ff06f          	j	80000e46 <_fwalk_sglue>
    80001712:	00000517          	auipc	a0,0x0
    80001716:	6e653503          	ld	a0,1766(a0) # 80001df8 <_impure_ptr>
    8000171a:	b745                	j	800016ba <_fflush_r>

000000008000171c <__swhatbuf_r>:
    8000171c:	7175                	addi	sp,sp,-144
    8000171e:	e122                	sd	s0,128(sp)
    80001720:	842e                	mv	s0,a1
    80001722:	01259583          	lh	a1,18(a1)
    80001726:	fca6                	sd	s1,120(sp)
    80001728:	f8ca                	sd	s2,112(sp)
    8000172a:	e506                	sd	ra,136(sp)
    8000172c:	84b2                	mv	s1,a2
    8000172e:	8936                	mv	s2,a3
    80001730:	0205d363          	bgez	a1,80001756 <__swhatbuf_r+0x3a>
    80001734:	01045783          	lhu	a5,16(s0)
    80001738:	0807f793          	andi	a5,a5,128
    8000173c:	eb95                	bnez	a5,80001770 <__swhatbuf_r+0x54>
    8000173e:	40000713          	li	a4,1024
    80001742:	60aa                	ld	ra,136(sp)
    80001744:	640a                	ld	s0,128(sp)
    80001746:	00f92023          	sw	a5,0(s2)
    8000174a:	e098                	sd	a4,0(s1)
    8000174c:	7946                	ld	s2,112(sp)
    8000174e:	74e6                	ld	s1,120(sp)
    80001750:	4501                	li	a0,0
    80001752:	6149                	addi	sp,sp,144
    80001754:	8082                	ret
    80001756:	0030                	addi	a2,sp,8
    80001758:	0be000ef          	jal	80001816 <_fstat_r>
    8000175c:	fc054ce3          	bltz	a0,80001734 <__swhatbuf_r+0x18>
    80001760:	47b2                	lw	a5,12(sp)
    80001762:	673d                	lui	a4,0xf
    80001764:	8ff9                	and	a5,a5,a4
    80001766:	6709                	lui	a4,0x2
    80001768:	8f99                	sub	a5,a5,a4
    8000176a:	0017b793          	seqz	a5,a5
    8000176e:	bfc1                	j	8000173e <__swhatbuf_r+0x22>
    80001770:	4781                	li	a5,0
    80001772:	04000713          	li	a4,64
    80001776:	b7f1                	j	80001742 <__swhatbuf_r+0x26>

0000000080001778 <__smakebuf_r>:
    80001778:	0105d783          	lhu	a5,16(a1)
    8000177c:	7139                	addi	sp,sp,-64
    8000177e:	f822                	sd	s0,48(sp)
    80001780:	fc06                	sd	ra,56(sp)
    80001782:	f426                	sd	s1,40(sp)
    80001784:	f04a                	sd	s2,32(sp)
    80001786:	ec4e                	sd	s3,24(sp)
    80001788:	8b89                	andi	a5,a5,2
    8000178a:	842e                	mv	s0,a1
    8000178c:	cf91                	beqz	a5,800017a8 <__smakebuf_r+0x30>
    8000178e:	07f40793          	addi	a5,s0,127
    80001792:	e01c                	sd	a5,0(s0)
    80001794:	ec1c                	sd	a5,24(s0)
    80001796:	4785                	li	a5,1
    80001798:	d01c                	sw	a5,32(s0)
    8000179a:	70e2                	ld	ra,56(sp)
    8000179c:	7442                	ld	s0,48(sp)
    8000179e:	74a2                	ld	s1,40(sp)
    800017a0:	7902                	ld	s2,32(sp)
    800017a2:	69e2                	ld	s3,24(sp)
    800017a4:	6121                	addi	sp,sp,64
    800017a6:	8082                	ret
    800017a8:	0054                	addi	a3,sp,4
    800017aa:	0030                	addi	a2,sp,8
    800017ac:	84aa                	mv	s1,a0
    800017ae:	f6fff0ef          	jal	8000171c <__swhatbuf_r>
    800017b2:	69a2                	ld	s3,8(sp)
    800017b4:	892a                	mv	s2,a0
    800017b6:	8526                	mv	a0,s1
    800017b8:	85ce                	mv	a1,s3
    800017ba:	c0fff0ef          	jal	800013c8 <_malloc_r>
    800017be:	ed01                	bnez	a0,800017d6 <__smakebuf_r+0x5e>
    800017c0:	01041783          	lh	a5,16(s0)
    800017c4:	2007f713          	andi	a4,a5,512
    800017c8:	fb69                	bnez	a4,8000179a <__smakebuf_r+0x22>
    800017ca:	9bf1                	andi	a5,a5,-4
    800017cc:	0027e793          	ori	a5,a5,2
    800017d0:	00f41823          	sh	a5,16(s0)
    800017d4:	bf6d                	j	8000178e <__smakebuf_r+0x16>
    800017d6:	01045783          	lhu	a5,16(s0)
    800017da:	e008                	sd	a0,0(s0)
    800017dc:	ec08                	sd	a0,24(s0)
    800017de:	0807e793          	ori	a5,a5,128
    800017e2:	00f41823          	sh	a5,16(s0)
    800017e6:	4792                	lw	a5,4(sp)
    800017e8:	03342023          	sw	s3,32(s0)
    800017ec:	cf91                	beqz	a5,80001808 <__smakebuf_r+0x90>
    800017ee:	01241583          	lh	a1,18(s0)
    800017f2:	8526                	mv	a0,s1
    800017f4:	04c000ef          	jal	80001840 <_isatty_r>
    800017f8:	c901                	beqz	a0,80001808 <__smakebuf_r+0x90>
    800017fa:	01045783          	lhu	a5,16(s0)
    800017fe:	9bf1                	andi	a5,a5,-4
    80001800:	0017e793          	ori	a5,a5,1
    80001804:	00f41823          	sh	a5,16(s0)
    80001808:	01045783          	lhu	a5,16(s0)
    8000180c:	0127e533          	or	a0,a5,s2
    80001810:	00a41823          	sh	a0,16(s0)
    80001814:	b759                	j	8000179a <__smakebuf_r+0x22>

0000000080001816 <_fstat_r>:
    80001816:	1141                	addi	sp,sp,-16
    80001818:	e022                	sd	s0,0(sp)
    8000181a:	842a                	mv	s0,a0
    8000181c:	852e                	mv	a0,a1
    8000181e:	85b2                	mv	a1,a2
    80001820:	8201a423          	sw	zero,-2008(gp) # 80001e20 <errno>
    80001824:	e406                	sd	ra,8(sp)
    80001826:	096000ef          	jal	800018bc <_fstat>
    8000182a:	57fd                	li	a5,-1
    8000182c:	00f51663          	bne	a0,a5,80001838 <_fstat_r+0x22>
    80001830:	8281a783          	lw	a5,-2008(gp) # 80001e20 <errno>
    80001834:	c391                	beqz	a5,80001838 <_fstat_r+0x22>
    80001836:	c01c                	sw	a5,0(s0)
    80001838:	60a2                	ld	ra,8(sp)
    8000183a:	6402                	ld	s0,0(sp)
    8000183c:	0141                	addi	sp,sp,16
    8000183e:	8082                	ret

0000000080001840 <_isatty_r>:
    80001840:	1141                	addi	sp,sp,-16
    80001842:	e022                	sd	s0,0(sp)
    80001844:	842a                	mv	s0,a0
    80001846:	852e                	mv	a0,a1
    80001848:	8201a423          	sw	zero,-2008(gp) # 80001e20 <errno>
    8000184c:	e406                	sd	ra,8(sp)
    8000184e:	082000ef          	jal	800018d0 <_isatty>
    80001852:	57fd                	li	a5,-1
    80001854:	00f51663          	bne	a0,a5,80001860 <_isatty_r+0x20>
    80001858:	8281a783          	lw	a5,-2008(gp) # 80001e20 <errno>
    8000185c:	c391                	beqz	a5,80001860 <_isatty_r+0x20>
    8000185e:	c01c                	sw	a5,0(s0)
    80001860:	60a2                	ld	ra,8(sp)
    80001862:	6402                	ld	s0,0(sp)
    80001864:	0141                	addi	sp,sp,16
    80001866:	8082                	ret

0000000080001868 <_sbrk_r>:
    80001868:	1141                	addi	sp,sp,-16
    8000186a:	e022                	sd	s0,0(sp)
    8000186c:	842a                	mv	s0,a0
    8000186e:	852e                	mv	a0,a1
    80001870:	8201a423          	sw	zero,-2008(gp) # 80001e20 <errno>
    80001874:	e406                	sd	ra,8(sp)
    80001876:	08c000ef          	jal	80001902 <_sbrk>
    8000187a:	57fd                	li	a5,-1
    8000187c:	00f51663          	bne	a0,a5,80001888 <_sbrk_r+0x20>
    80001880:	8281a783          	lw	a5,-2008(gp) # 80001e20 <errno>
    80001884:	c391                	beqz	a5,80001888 <_sbrk_r+0x20>
    80001886:	c01c                	sw	a5,0(s0)
    80001888:	60a2                	ld	ra,8(sp)
    8000188a:	6402                	ld	s0,0(sp)
    8000188c:	0141                	addi	sp,sp,16
    8000188e:	8082                	ret

0000000080001890 <_malloc_usable_size_r>:
    80001890:	ff85b503          	ld	a0,-8(a1)
    80001894:	0005079b          	sext.w	a5,a0
    80001898:	1561                	addi	a0,a0,-8
    8000189a:	0007d663          	bgez	a5,800018a6 <_malloc_usable_size_r+0x16>
    8000189e:	95aa                	add	a1,a1,a0
    800018a0:	6188                	ld	a0,0(a1)
    800018a2:	17e1                	addi	a5,a5,-8
    800018a4:	953e                	add	a0,a0,a5
    800018a6:	8082                	ret

00000000800018a8 <_close>:
    800018a8:	1141                	addi	sp,sp,-16
    800018aa:	e406                	sd	ra,8(sp)
    800018ac:	182000ef          	jal	80001a2e <__errno>
    800018b0:	60a2                	ld	ra,8(sp)
    800018b2:	47a5                	li	a5,9
    800018b4:	c11c                	sw	a5,0(a0)
    800018b6:	557d                	li	a0,-1
    800018b8:	0141                	addi	sp,sp,16
    800018ba:	8082                	ret

00000000800018bc <_fstat>:
    800018bc:	1141                	addi	sp,sp,-16
    800018be:	e406                	sd	ra,8(sp)
    800018c0:	16e000ef          	jal	80001a2e <__errno>
    800018c4:	60a2                	ld	ra,8(sp)
    800018c6:	47a5                	li	a5,9
    800018c8:	c11c                	sw	a5,0(a0)
    800018ca:	557d                	li	a0,-1
    800018cc:	0141                	addi	sp,sp,16
    800018ce:	8082                	ret

00000000800018d0 <_isatty>:
    800018d0:	357d                	addiw	a0,a0,-1
    800018d2:	00253513          	sltiu	a0,a0,2
    800018d6:	8082                	ret

00000000800018d8 <_lseek>:
    800018d8:	1141                	addi	sp,sp,-16
    800018da:	e406                	sd	ra,8(sp)
    800018dc:	152000ef          	jal	80001a2e <__errno>
    800018e0:	60a2                	ld	ra,8(sp)
    800018e2:	47a5                	li	a5,9
    800018e4:	c11c                	sw	a5,0(a0)
    800018e6:	557d                	li	a0,-1
    800018e8:	0141                	addi	sp,sp,16
    800018ea:	8082                	ret

00000000800018ec <_read>:
    800018ec:	1141                	addi	sp,sp,-16
    800018ee:	e406                	sd	ra,8(sp)
    800018f0:	13e000ef          	jal	80001a2e <__errno>
    800018f4:	60a2                	ld	ra,8(sp)
    800018f6:	05800793          	li	a5,88
    800018fa:	c11c                	sw	a5,0(a0)
    800018fc:	557d                	li	a0,-1
    800018fe:	0141                	addi	sp,sp,16
    80001900:	8082                	ret

0000000080001902 <_sbrk>:
    80001902:	00000717          	auipc	a4,0x0
    80001906:	4fe70713          	addi	a4,a4,1278 # 80001e00 <curbrk>
    8000190a:	631c                	ld	a5,0(a4)
    8000190c:	b8818693          	addi	a3,gp,-1144 # 80002180 <_end>
    80001910:	953e                	add	a0,a0,a5
    80001912:	00d56b63          	bltu	a0,a3,80001928 <_sbrk+0x26>
    80001916:	00021697          	auipc	a3,0x21
    8000191a:	6ea68693          	addi	a3,a3,1770 # 80023000 <__heap_end>
    8000191e:	00d57563          	bgeu	a0,a3,80001928 <_sbrk+0x26>
    80001922:	e308                	sd	a0,0(a4)
    80001924:	853e                	mv	a0,a5
    80001926:	8082                	ret
    80001928:	1141                	addi	sp,sp,-16
    8000192a:	e406                	sd	ra,8(sp)
    8000192c:	102000ef          	jal	80001a2e <__errno>
    80001930:	60a2                	ld	ra,8(sp)
    80001932:	47b1                	li	a5,12
    80001934:	c11c                	sw	a5,0(a0)
    80001936:	57fd                	li	a5,-1
    80001938:	853e                	mv	a0,a5
    8000193a:	0141                	addi	sp,sp,16
    8000193c:	8082                	ret

000000008000193e <_write>:
    8000193e:	04000693          	li	a3,64
    80001942:	a0b9                	j	80001990 <htif_syscall>

0000000080001944 <handle_trap>:
    80001944:	1141                	addi	sp,sp,-16
    80001946:	02159513          	slli	a0,a1,0x21
    8000194a:	e406                	sd	ra,8(sp)
    8000194c:	9105                	srli	a0,a0,0x21
    8000194e:	0005d463          	bgez	a1,80001956 <handle_trap+0x12>
    80001952:	40a0053b          	negw	a0,a0
    80001956:	086000ef          	jal	800019dc <_exit>

000000008000195a <__init_tls>:
    8000195a:	1141                	addi	sp,sp,-16
    8000195c:	00000613          	li	a2,0
    80001960:	00000597          	auipc	a1,0x0
    80001964:	2aa58593          	addi	a1,a1,682 # 80001c0a <__tbss_end>
    80001968:	8512                	mv	a0,tp
    8000196a:	e022                	sd	s0,0(sp)
    8000196c:	e406                	sd	ra,8(sp)
    8000196e:	8412                	mv	s0,tp
    80001970:	949ff0ef          	jal	800012b8 <memcpy>
    80001974:	00000513          	li	a0,0
    80001978:	9522                	add	a0,a0,s0
    8000197a:	6402                	ld	s0,0(sp)
    8000197c:	60a2                	ld	ra,8(sp)
    8000197e:	00000613          	li	a2,0
    80001982:	4581                	li	a1,0
    80001984:	0141                	addi	sp,sp,16
    80001986:	923ff06f          	j	800012a8 <memset>

000000008000198a <__main>:
    8000198a:	10500073          	wfi
    8000198e:	bff5                	j	8000198a <__main>

0000000080001990 <htif_syscall>:
    80001990:	7139                	addi	sp,sp,-64
    80001992:	e036                	sd	a3,0(sp)
    80001994:	e42a                	sd	a0,8(sp)
    80001996:	fff007b7          	lui	a5,0xfff00
    8000199a:	e82e                	sd	a1,16(sp)
    8000199c:	83c1                	srli	a5,a5,0x10
    8000199e:	ec32                	sd	a2,24(sp)
    800019a0:	860a                	mv	a2,sp
    800019a2:	8e7d                	and	a2,a2,a5
    800019a4:	84018713          	addi	a4,gp,-1984 # 80001e38 <htif_lock>
    800019a8:	56fd                	li	a3,-1
    800019aa:	431c                	lw	a5,0(a4)
    800019ac:	fffd                	bnez	a5,800019aa <htif_syscall+0x1a>
    800019ae:	0cd727af          	amoswap.w.aq	a5,a3,(a4)
    800019b2:	ffe5                	bnez	a5,800019aa <htif_syscall+0x1a>
    800019b4:	0110000f          	fence	w,w
    800019b8:	00000697          	auipc	a3,0x0
    800019bc:	38868693          	addi	a3,a3,904 # 80001d40 <tohost>
    800019c0:	e290                	sd	a2,0(a3)
    800019c2:	669c                	ld	a5,8(a3)
    800019c4:	dffd                	beqz	a5,800019c2 <htif_syscall+0x32>
    800019c6:	00000797          	auipc	a5,0x0
    800019ca:	3807b123          	sd	zero,898(a5) # 80001d48 <fromhost>
    800019ce:	0a07202f          	amoswap.w.rl	zero,zero,(a4)
    800019d2:	0220000f          	fence	r,r
    800019d6:	6502                	ld	a0,0(sp)
    800019d8:	6121                	addi	sp,sp,64
    800019da:	8082                	ret

00000000800019dc <_exit>:
    800019dc:	0015179b          	slliw	a5,a0,0x1
    800019e0:	0017e793          	ori	a5,a5,1
    800019e4:	2781                	sext.w	a5,a5
    800019e6:	07c2                	slli	a5,a5,0x10
    800019e8:	83c1                	srli	a5,a5,0x10
    800019ea:	00000717          	auipc	a4,0x0
    800019ee:	35670713          	addi	a4,a4,854 # 80001d40 <tohost>
    800019f2:	00000697          	auipc	a3,0x0
    800019f6:	3406bb23          	sd	zero,854(a3) # 80001d48 <fromhost>
    800019fa:	e31c                	sd	a5,0(a4)
    800019fc:	bfdd                	j	800019f2 <_exit+0x16>

00000000800019fe <atexit>:
    800019fe:	85aa                	mv	a1,a0
    80001a00:	4681                	li	a3,0
    80001a02:	4601                	li	a2,0
    80001a04:	4501                	li	a0,0
    80001a06:	a0d9                	j	80001acc <__register_exitproc>

0000000080001a08 <exit>:
    80001a08:	1141                	addi	sp,sp,-16
    80001a0a:	e022                	sd	s0,0(sp)
    80001a0c:	e406                	sd	ra,8(sp)
    80001a0e:	00000797          	auipc	a5,0x0
    80001a12:	13478793          	addi	a5,a5,308 # 80001b42 <__call_exitprocs>
    80001a16:	842a                	mv	s0,a0
    80001a18:	c781                	beqz	a5,80001a20 <exit+0x18>
    80001a1a:	4581                	li	a1,0
    80001a1c:	126000ef          	jal	80001b42 <__call_exitprocs>
    80001a20:	8201b783          	ld	a5,-2016(gp) # 80001e18 <__stdio_exit_handler>
    80001a24:	c391                	beqz	a5,80001a28 <exit+0x20>
    80001a26:	9782                	jalr	a5
    80001a28:	8522                	mv	a0,s0
    80001a2a:	fb3ff0ef          	jal	800019dc <_exit>

0000000080001a2e <__errno>:
    80001a2e:	00000517          	auipc	a0,0x0
    80001a32:	3ca53503          	ld	a0,970(a0) # 80001df8 <_impure_ptr>
    80001a36:	8082                	ret

0000000080001a38 <__libc_init_array>:
    80001a38:	1101                	addi	sp,sp,-32
    80001a3a:	e822                	sd	s0,16(sp)
    80001a3c:	e426                	sd	s1,8(sp)
    80001a3e:	00000417          	auipc	s0,0x0
    80001a42:	2da40413          	addi	s0,s0,730 # 80001d18 <__fini_array_end>
    80001a46:	00000497          	auipc	s1,0x0
    80001a4a:	2d248493          	addi	s1,s1,722 # 80001d18 <__fini_array_end>
    80001a4e:	8c81                	sub	s1,s1,s0
    80001a50:	e04a                	sd	s2,0(sp)
    80001a52:	ec06                	sd	ra,24(sp)
    80001a54:	848d                	srai	s1,s1,0x3
    80001a56:	4901                	li	s2,0
    80001a58:	02991563          	bne	s2,s1,80001a82 <__libc_init_array+0x4a>
    80001a5c:	00000417          	auipc	s0,0x0
    80001a60:	2bc40413          	addi	s0,s0,700 # 80001d18 <__fini_array_end>
    80001a64:	00000497          	auipc	s1,0x0
    80001a68:	2b448493          	addi	s1,s1,692 # 80001d18 <__fini_array_end>
    80001a6c:	8c81                	sub	s1,s1,s0
    80001a6e:	848d                	srai	s1,s1,0x3
    80001a70:	4901                	li	s2,0
    80001a72:	00991d63          	bne	s2,s1,80001a8c <__libc_init_array+0x54>
    80001a76:	60e2                	ld	ra,24(sp)
    80001a78:	6442                	ld	s0,16(sp)
    80001a7a:	64a2                	ld	s1,8(sp)
    80001a7c:	6902                	ld	s2,0(sp)
    80001a7e:	6105                	addi	sp,sp,32
    80001a80:	8082                	ret
    80001a82:	601c                	ld	a5,0(s0)
    80001a84:	0905                	addi	s2,s2,1
    80001a86:	0421                	addi	s0,s0,8
    80001a88:	9782                	jalr	a5
    80001a8a:	b7f9                	j	80001a58 <__libc_init_array+0x20>
    80001a8c:	601c                	ld	a5,0(s0)
    80001a8e:	0905                	addi	s2,s2,1
    80001a90:	0421                	addi	s0,s0,8
    80001a92:	9782                	jalr	a5
    80001a94:	bff9                	j	80001a72 <__libc_init_array+0x3a>

0000000080001a96 <__libc_fini_array>:
    80001a96:	1101                	addi	sp,sp,-32
    80001a98:	e822                	sd	s0,16(sp)
    80001a9a:	e426                	sd	s1,8(sp)
    80001a9c:	00000417          	auipc	s0,0x0
    80001aa0:	27c40413          	addi	s0,s0,636 # 80001d18 <__fini_array_end>
    80001aa4:	00000497          	auipc	s1,0x0
    80001aa8:	27448493          	addi	s1,s1,628 # 80001d18 <__fini_array_end>
    80001aac:	8c05                	sub	s0,s0,s1
    80001aae:	ec06                	sd	ra,24(sp)
    80001ab0:	840d                	srai	s0,s0,0x3
    80001ab2:	e411                	bnez	s0,80001abe <__libc_fini_array+0x28>
    80001ab4:	60e2                	ld	ra,24(sp)
    80001ab6:	6442                	ld	s0,16(sp)
    80001ab8:	64a2                	ld	s1,8(sp)
    80001aba:	6105                	addi	sp,sp,32
    80001abc:	8082                	ret
    80001abe:	147d                	addi	s0,s0,-1
    80001ac0:	00341793          	slli	a5,s0,0x3
    80001ac4:	97a6                	add	a5,a5,s1
    80001ac6:	639c                	ld	a5,0(a5)
    80001ac8:	9782                	jalr	a5
    80001aca:	b7e5                	j	80001ab2 <__libc_fini_array+0x1c>

0000000080001acc <__register_exitproc>:
    80001acc:	88aa                	mv	a7,a0
    80001ace:	85018513          	addi	a0,gp,-1968 # 80001e48 <__atexit>
    80001ad2:	6118                	ld	a4,0(a0)
    80001ad4:	ef01                	bnez	a4,80001aec <__register_exitproc+0x20>
    80001ad6:	a7018793          	addi	a5,gp,-1424 # 80002068 <__atexit0>
    80001ada:	e11c                	sd	a5,0(a0)
    80001adc:	00000713          	li	a4,0
    80001ae0:	c701                	beqz	a4,80001ae8 <__register_exitproc+0x1c>
    80001ae2:	6318                	ld	a4,0(a4)
    80001ae4:	10e7b823          	sd	a4,272(a5)
    80001ae8:	a7018713          	addi	a4,gp,-1424 # 80002068 <__atexit0>
    80001aec:	471c                	lw	a5,8(a4)
    80001aee:	487d                	li	a6,31
    80001af0:	557d                	li	a0,-1
    80001af2:	04f84763          	blt	a6,a5,80001b40 <__register_exitproc+0x74>
    80001af6:	02088d63          	beqz	a7,80001b30 <__register_exitproc+0x64>
    80001afa:	11073803          	ld	a6,272(a4)
    80001afe:	04080163          	beqz	a6,80001b40 <__register_exitproc+0x74>
    80001b02:	00379513          	slli	a0,a5,0x3
    80001b06:	9542                	add	a0,a0,a6
    80001b08:	e110                	sd	a2,0(a0)
    80001b0a:	20082303          	lw	t1,512(a6)
    80001b0e:	4605                	li	a2,1
    80001b10:	00f6163b          	sllw	a2,a2,a5
    80001b14:	00c36333          	or	t1,t1,a2
    80001b18:	20682023          	sw	t1,512(a6)
    80001b1c:	10d53023          	sd	a3,256(a0)
    80001b20:	4689                	li	a3,2
    80001b22:	00d89763          	bne	a7,a3,80001b30 <__register_exitproc+0x64>
    80001b26:	20482683          	lw	a3,516(a6)
    80001b2a:	8ed1                	or	a3,a3,a2
    80001b2c:	20d82223          	sw	a3,516(a6)
    80001b30:	0017869b          	addiw	a3,a5,1
    80001b34:	0789                	addi	a5,a5,2
    80001b36:	078e                	slli	a5,a5,0x3
    80001b38:	c714                	sw	a3,8(a4)
    80001b3a:	973e                	add	a4,a4,a5
    80001b3c:	e30c                	sd	a1,0(a4)
    80001b3e:	4501                	li	a0,0
    80001b40:	8082                	ret

0000000080001b42 <__call_exitprocs>:
    80001b42:	711d                	addi	sp,sp,-96
    80001b44:	f852                	sd	s4,48(sp)
    80001b46:	f456                	sd	s5,40(sp)
    80001b48:	f05a                	sd	s6,32(sp)
    80001b4a:	ec5e                	sd	s7,24(sp)
    80001b4c:	ec86                	sd	ra,88(sp)
    80001b4e:	e8a2                	sd	s0,80(sp)
    80001b50:	e4a6                	sd	s1,72(sp)
    80001b52:	e0ca                	sd	s2,64(sp)
    80001b54:	fc4e                	sd	s3,56(sp)
    80001b56:	e862                	sd	s8,16(sp)
    80001b58:	e466                	sd	s9,8(sp)
    80001b5a:	8aaa                	mv	s5,a0
    80001b5c:	8a2e                	mv	s4,a1
    80001b5e:	85018b13          	addi	s6,gp,-1968 # 80001e48 <__atexit>
    80001b62:	4b85                	li	s7,1
    80001b64:	000b3483          	ld	s1,0(s6)
    80001b68:	cc81                	beqz	s1,80001b80 <__call_exitprocs+0x3e>
    80001b6a:	4480                	lw	s0,8(s1)
    80001b6c:	1104b983          	ld	s3,272(s1)
    80001b70:	fff4091b          	addiw	s2,s0,-1
    80001b74:	040e                	slli	s0,s0,0x3
    80001b76:	00898cb3          	add	s9,s3,s0
    80001b7a:	9426                	add	s0,s0,s1
    80001b7c:	00095f63          	bgez	s2,80001b9a <__call_exitprocs+0x58>
    80001b80:	60e6                	ld	ra,88(sp)
    80001b82:	6446                	ld	s0,80(sp)
    80001b84:	64a6                	ld	s1,72(sp)
    80001b86:	6906                	ld	s2,64(sp)
    80001b88:	79e2                	ld	s3,56(sp)
    80001b8a:	7a42                	ld	s4,48(sp)
    80001b8c:	7aa2                	ld	s5,40(sp)
    80001b8e:	7b02                	ld	s6,32(sp)
    80001b90:	6be2                	ld	s7,24(sp)
    80001b92:	6c42                	ld	s8,16(sp)
    80001b94:	6ca2                	ld	s9,8(sp)
    80001b96:	6125                	addi	sp,sp,96
    80001b98:	8082                	ret
    80001b9a:	000a0c63          	beqz	s4,80001bb2 <__call_exitprocs+0x70>
    80001b9e:	00099663          	bnez	s3,80001baa <__call_exitprocs+0x68>
    80001ba2:	397d                	addiw	s2,s2,-1
    80001ba4:	1ce1                	addi	s9,s9,-8
    80001ba6:	1461                	addi	s0,s0,-8
    80001ba8:	bfd1                	j	80001b7c <__call_exitprocs+0x3a>
    80001baa:	0f8cb783          	ld	a5,248(s9)
    80001bae:	ff479ae3          	bne	a5,s4,80001ba2 <__call_exitprocs+0x60>
    80001bb2:	449c                	lw	a5,8(s1)
    80001bb4:	6418                	ld	a4,8(s0)
    80001bb6:	37fd                	addiw	a5,a5,-1
    80001bb8:	03279963          	bne	a5,s2,80001bea <__call_exitprocs+0xa8>
    80001bbc:	0124a423          	sw	s2,8(s1)
    80001bc0:	d36d                	beqz	a4,80001ba2 <__call_exitprocs+0x60>
    80001bc2:	0084ac03          	lw	s8,8(s1)
    80001bc6:	00098963          	beqz	s3,80001bd8 <__call_exitprocs+0x96>
    80001bca:	2009a783          	lw	a5,512(s3)
    80001bce:	012b96bb          	sllw	a3,s7,s2
    80001bd2:	8ff5                	and	a5,a5,a3
    80001bd4:	2781                	sext.w	a5,a5
    80001bd6:	ef89                	bnez	a5,80001bf0 <__call_exitprocs+0xae>
    80001bd8:	9702                	jalr	a4
    80001bda:	4498                	lw	a4,8(s1)
    80001bdc:	000b3783          	ld	a5,0(s6)
    80001be0:	f98712e3          	bne	a4,s8,80001b64 <__call_exitprocs+0x22>
    80001be4:	faf48fe3          	beq	s1,a5,80001ba2 <__call_exitprocs+0x60>
    80001be8:	bfb5                	j	80001b64 <__call_exitprocs+0x22>
    80001bea:	00043423          	sd	zero,8(s0)
    80001bee:	bfc9                	j	80001bc0 <__call_exitprocs+0x7e>
    80001bf0:	2049a783          	lw	a5,516(s3)
    80001bf4:	ff8cb583          	ld	a1,-8(s9)
    80001bf8:	8ff5                	and	a5,a5,a3
    80001bfa:	2781                	sext.w	a5,a5
    80001bfc:	e781                	bnez	a5,80001c04 <__call_exitprocs+0xc2>
    80001bfe:	8556                	mv	a0,s5
    80001c00:	9702                	jalr	a4
    80001c02:	bfe1                	j	80001bda <__call_exitprocs+0x98>
    80001c04:	852e                	mv	a0,a1
    80001c06:	9702                	jalr	a4
    80001c08:	bfc9                	j	80001bda <__call_exitprocs+0x98>
